YEAR,Region,JAN,FEB,MAR,APR,MAY,JUN,JUL,AUG,SEP,OCT,NOV,DEC
1838,Connecticut River,2.45,1.67,1.69,2.02,3.63,4.9,2.27,3.95,6.38,4.12,5.77,0.96
1839,Connecticut River,1.66,1.75,1.69,4.14,3.49,3.3,9.56,2.51,2.82,1.78,3.04,7.09
1840,Connecticut River,3.15,2.03,3.18,3.98,1.91,4.6,3.34,6.82,5.2,5.04,4.61,3.15
1841,Connecticut River,5.8,1.5,2.85,4.52,3.47,1.65,2.55,3.18,3.5,3.73,2.8,6.08
1842,Connecticut River,1.02,3.78,2.39,2.92,2.4,3.18,1.95,7.42,3.23,2.84,3.73,3.19
1843,Connecticut River,1.99,3.49,5.73,4.82,2.09,5.18,2.53,9.38,1.57,9.45,3.07,2.28
1844,Connecticut River,3.44,2.18,4.12,0.57,5.59,3,3.81,4.93,1.84,6.49,2.12,2.49
1845,Connecticut River,4.97,3.37,3.56,1.7,2.42,2.57,3.31,2.79,2.58,4.66,3.9,3.91
1846,Connecticut River,2.74,2.55,4.35,1.54,4.33,3.1,3.25,2.44,0.47,2.09,4.96,3.1
1847,Connecticut River,4.86,4.88,3.57,1.41,1.91,4.44,4.48,4.06,3.63,3.99,4.17,6.41
1848,Connecticut River,2.92,2.6,3.03,1.55,6.18,2.58,4.72,1.53,2.49,3.15,3.09,5.54
1849,Connecticut River,0.99,0.99,4.21,2.24,3.61,1.53,2.25,7.86,1.4,6.36,3.65,3.36
1850,Connecticut River,4.75,3.56,1.86,3.93,8.72,2.88,6.81,6.5,4.93,3.65,2.63,5.37
1851,Connecticut River,1.66,5.08,1.28,4.43,4.07,3.69,4.31,3.03,2.05,5.43,5.3,3.17
1852,Connecticut River,2.42,3.35,3.26,4.71,2.3,2.54,3.38,5.19,2.48,1.76,6.43,4.88
1852,Northeast,5.8,1.76,4.42,9.6,2.6,2,2.16,8.27,2.04,3.4,2.76,3.12
1853,Connecticut River,2.11,6.69,2.39,3.79,5.4,2.64,3.59,7.13,5.66,3.75,6.24,1.84
1853,Northeast,3.68,6.56,2.92,3.8,6.32,0.56,2.84,7.2,5.44,4.56,5.26,6.59
1854,Connecticut River,2.01,4.53,3.11,8.33,3.19,1.75,3.53,0.99,5.46,2.31,7.48,2.39
1854,Northeast,2.45,5.16,4.16,5.6,3.92,2.08,2.32,0.28,3.68,3.37,7.79,2.34
1855,Connecticut River,5.06,2.7,1.08,3.85,1.49,5.19,6.1,2.55,0.55,10.08,4.12,5.41
1855,Northeast,6.455,4.505,1.605,3.82,0.94,2.91,4.31,1.595,0.615,5.025,4.525,5.375
1856,Connecticut River,2.48,0.79,1.12,2.51,5.31,1.92,1.96,12.13,3.47,1.4,2.85,4.19
1856,Northeast,2.36667,1.20333,1.02,3.84667,6.64667,2.22667,2.00667,13.98,4.81333,3.05333,2.76333,4.56333
1857,Connecticut River,3.55,2.41,2.12,7.68,6.82,2.66,4.98,3.14,3.04,3.88,2.07,5.31
1857,Northeast,2.965,2.375,2.235,9.5,5.455,3.505,7.1,5.975,3.64,6.415,2.735,5.67
1858,Connecticut River,3.52,1.6,0.8,3.2,2.98,4.62,6.73,4.82,4.14,3.86,2.16,3.16
1858,Northeast,2.595,2.55,2.695,4.3,2.88,7.785,3.35,4.92,4.375,2.61,2.085,3.05
1859,Connecticut River,4.89,3.54,6.27,2.96,4.08,6.16,2.61,6.65,4.47,1.85,2.96,4.85
1859,Northeast,5.315,3.355,8.805,2.135,3.445,4.67,1.095,5.56,4.25,1.255,3.315,5.51
1860,Connecticut River,1.21,2.93,1.58,1.28,4.57,3.57,6.13,2.68,6.12,2.18,3.52,3.84
1860,Northeast,1.02,3.12,2.06,1.67,1.915,8,6.685,4.595,9.94,2.11,4.84,5.1
1861,Connecticut River,4.34,3.28,3.76,5.65,4.45,2.69,5.23,4.1,2.75,4.53,3.93,2.17
1861,Northeast,3.83,3.17,3.66,5.415,3.59,2.29,2.355,6.28,2.4,3.495,4.91,2.8
1862,Connecticut River,5.25,2.84,4.3,2.28,2.33,11.69,5.12,2.98,2.12,3.28,4.76,1.91
1862,Northeast,6.92,1.88,4.69,2.035,2.305,6.175,5.87,1.99,2.4,4.175,6.385,2.325
1863,Connecticut River,5.05,4.43,5.6,2.33,3.59,4.09,8.64,6.11,2.16,4.04,5.28,4.87
1863,Northeast,4.065,3.79,4.265,9.045,2.31,1.795,12.175,6.135,3.145,4.27,7.425,5.135
1864,Connecticut River,2.2,1.12,2.58,2.57,2.54,1.38,0.96,4.4,2.92,2.94,6.2,4.63
1864,Northeast,3.005,0.98,8.43,3.805,2.825,0.825,1.44,3.55,2.21,5.17,4.775,4.61
1865,Connecticut River,3.48,2.88,5.98,2.9,7.89,2.94,3.72,1.86,0.37,4.98,2.45,3.54
1865,Northeast,4.49,4.09,4.885,2.21,7.285,1.385,2.485,3.075,1.11,6.075,3.915,3.14
1866,Connecticut River,1.36,4.62,3.16,2.03,4.48,5.66,4.02,3.96,4.71,3.38,3.86,3.57
1866,Northeast,1.68,5.25,3.76,2.395,5.47,3.73,9.455,3.83,6.085,2.535,3.615,4.03
1867,Connecticut River,1.32,3.65,3.12,3.79,4.61,5.67,4,9.16,1.11,3.85,4.31,1.51
1867,Northeast,3.71,4.625,5.37,2.54,5.1,3.105,4.99,11.01,0.785,5.32,2.675,1.825
1868,Connecticut River,3.52,1.03,3.25,4.27,7.86,2.44,3.28,5.67,10.63,1.37,4.8,1.47
1868,Northeast,3.605,1.19,2.93,5.59,8.575,3.7,1.51,5.11,9.66,1.08,5.735,0.95
1869,Connecticut River,3.47,4.14,5.46,1.53,5.65,5.99,2.98,1.04,4.32,11.36,2.59,4.96
1869,Northeast,3.47,6.545,6.58,2.025,6.505,4.06,1.96,1.96,6.66,8.19,2.97,5.725
1870,Connecticut River,5.87,5.25,2.71,3.7,1.72,2.73,2.53,2.83,1.75,4.49,3.28,1.84
1870,Northeast,7.47,4.77,5.915,7.645,2.595,4.245,2.54,2.715,1.08,6.52,3.645,3.16
1871,Connecticut River,1.96,2.91,3.99,3.09,3.82,6.58,3.52,6.45,1.3,6.09,3.51,2.67
1871,Northeast,1.38333,2.55,4.45,3.14333,4.64667,5.39333,2.93333,4.03,1.29667,5.20667,6.78,3.05667
1872,Central,1.8,1.28,3.51,1.52,2.88,4.1,5.4,8.08,5.48,3.32,4.05,3.28
1872,Connecticut River,1.51,1.89,2.87,2.2,3.11,3.25,7.07,5.28,6.2,3.64,4.48,2.69
1872,Northeast,2.02,2.03,3.62667,1.6,3.3,4.94333,4.21,9.87,5.32,3.835,4.06,3.4425
1873,Central,1.66,4.62,2.04,3.18,4.2,0.2,2.96,5.96,2.98,6.22,3.88,4.5
1873,Connecticut River,5.01,2.17,3.13,1.74,3.91,1.59,2.93,3.47,4.77,6.36,3.51,3.31
1873,Northeast,4.98,2.86,3.7725,2.8575,3.7675,0.5125,3.5675,5.3775,3.4475,5.06,5.6575,4.2575
1874,Central,4.46,4.08,1.42,6.7,2.96,3.48,4.24,5.36,1.68,0.68,2.2,2.39
1874,Connecticut River,5.46,2.19,1.35,6.03,5.22,5.06,11.58,2.69,1.82,1.85,3.54,1.17
1874,Northeast,3.28167,2.805,1.495,7.05667,3.66667,3.35,4.12,6.58167,1.69,1.12833,2.23167,1.98333
1874,Southeast,3.38895,3.14181,3.65367,3.58774,3.49,2.08,2.85,9.07,1.84,1.54,1.95,2.31
1875,Central,2.46,4.58,4.5,4.08,2.8,4.66,2.64,4,2.26,4.74,4.98,0.88
1875,Connecticut River,2.9,3.62,4.2,3.33,2.19,3.44,6.42,6.815,3.91,3.77,4,1.16
1875,Northeast,3.18714,3.01571,4.77286,3.57,3.58429,6.20857,3.18429,4.33857,3.43857,5.12429,5.08571,0.95571
1875,Southeast,7.64,4.21,3.75,5.4,2.9,2.48,3.37,4.63,1.69,2.62,2.96,1.67
1876,Central,1.56,3.92,9.64,4.92,2.56,1.9,5.38,0.68,4.38,2.2,5.44,3.56
1876,Connecticut River,2.17,5.25,6.65,2.815,3.3,3,4.86,0.755,3.37,0.825,2.62,1.78
1876,Northeast,1.84857,4.31,7.51,3.73857,3.31286,1.6,7.38857,0.88,4.44286,1.98143,7.39857,3.12286
1876,Southeast,5.06,4.68,3.39,3.88,1.91,1.82,5.57,2.44,4.59,0.44,7,2.87
1877,Central,3.48,1.26,9.88,2.98,3.58,3.28,1.4,8.64,0.36,8.68,7.08,1.12
1877,Connecticut River,2.52,0.36,6.4,2.445,1.425,3.83,6.755,2.505,0.725,7.365,4.805,1.15
1877,Northeast,2.99714,0.74143,7.58714,3.86,2.96286,2.36,2.74429,4.80286,0.39571,7.79571,7.57143,1.08143
1877,Southeast,4.86,2.68,3.06,1.56,2.5,2.61,2.8,5.79,0.82,8.38,6.88,3.84
1878,Central,6.53,4.34,4.6,5.58,0.96,3.85,3.34,4.96,1.18,5.6,6.62,6.1
1878,Connecticut River,3.455,3.13,3.105,5.61,1.98,5.97,2.435,4.72,2.54,2.44,5.17,5.44
1878,Northeast,6.22571,5.34857,4.74429,6.19429,0.77857,2.82571,3.54143,8.31143,2.01857,5.39571,6.61,5.26429
1878,Southeast,5.16,4.04,3.28,5.32,1.63,2.54,2.07,1.38,1.05,4.42,7.91,5.69
1879,Central,2.15,4.06,4.28,5.96,1.6,4.68,3.3,6.4,1.72,0.48,2.6,3.58
1879,Connecticut River,1.85,3.57,4.7,3.69,3.22,5.515,4.6,6.125,2.87,1.535,2.42,4.64
1879,Northeast,2.19286,3.11714,4.00714,4.88286,1.62,5.09857,3.34571,6.23857,1.80143,1.00143,3.11571,3.87429
1879,Southeast,4.07,2.37,4.29,6.16,2.7,0.44,5.71,4.68,3.21,0.8,2.92,3.63
1880,Central,3.23,3.37,3.26,3.27,1.645,2.31,6.13,4.105,1.765,3.145,1.89,2.045
1880,Connecticut River,4.215,2.935,2.67,2.785,1.975,1.61,6.39,3.135,2.245,2.635,2.14,1.995
1880,Northeast,3.4625,3.82125,3.02125,2.3975,2.12375,1.585,7.105,3.35,1.72,2.65,2.085,2.66875
1880,Southeast,2.37,3.33,4.44,3.89,1.19,1.77,7.33,11.74,2.16,4.17,3.19,3.91
1881,Central,4.77,4.775,5.88,1.705,3.2,4.22,2.925,1.415,1.565,2.995,4.025,3.98
1881,Connecticut River,4.015,2.87,4.425,1.665,4.46,3.92,2.645,3.105,1.77,3.675,4.22,5.685
1881,Northeast,5.6475,4.37125,6.535,1.92875,3.72,5.86625,3.16375,1.1975,2.55375,2.37,3.88,3.69125
1881,Southeast,6.81,5.64,5.57,1.8,3.49,8.75,2.2,0.91,2.58,3.3,6.11,3.3
1882,Central,5.175,4.51,3.015,2.225,4.58,1.605,1.295,1.54,8.445,2.16,1.385,2.59
1882,Connecticut River,4.94,3.655,3.87,1.445,5.86,3.48,1.545,0.825,10.865,1.895,1.39,1.875
1882,Northeast,4.46875,4.60875,2.89,2.1,5.12875,2.11625,2.7075,1.04625,8.73,2.09125,1.235,2.2625
1882,Southeast,4.85,5.84,3.55,3.9,4.72,2.27,1.74,0.43,8.02,3.7,1.84,3.06
1883,Central,3.2,4.595,2.105,1.52,4.815,2.67,1.975,1.28,1.955,5.565,1.82,3.065
1883,Connecticut River,2.835,3.955,1.655,2.105,5.225,4.19,3.655,1.62,2.965,4.795,1.5,2.625
1883,Northeast,2.91875,3.265,2.12375,2.5,4.24875,2.3425,3.39125,0.97625,1.39,5.56875,2.0725,2.85
1883,Southeast,4.67,4.42,2.24,2.5,3.43,1.94,3.29,0.88,2.05,5.27,2.91,3
1884,Central,5.94,6.64,5.04,4.8,3.665,4.37,3.5,4.035,0.98,2.65,2.76,5.8
1884,Connecticut River,3.59,4.555,5.215,2.095,2.28,2.15,4.76,5.69,1.27,2.48,3.04,5.245
1884,Northeast,4.91,6.305,4.9175,4.25125,3.4675,3.3225,3.715,4.53625,0.92625,2.6625,2.5375,4.9775
1884,Southeast,6.18,5.43,5.33,4.36,3.08,4.34,4.28,5.4,0.62,3.3,3.89,6.01
1885,Central,4.82,4.59,1.17,2.68,3.77,1.79,1.26,6.505,1.805,4.33,4.29,3.285
1885,Connecticut River,3.98333,3.40667,1.19667,3.02667,2.54333,2.48667,2.20667,8.45667,0.9,3.59333,5.26333,3.76667
1885,Northeast,4.7825,3.15667,1.07333,3.58444,3.92444,3.48889,2.27222,6.56778,1.60111,5.62889,5.69,2.25556
1885,Southeast,5.96,2.71,1.34,2.95,3.84,3.19,2.34,3.58,1.11,3.89,3.52,2.29
1886,Central,5.64,6.795,3.46,2.715,3.34,1.695,4.685,4.79,3.315,2.785,4.795,5.19
1886,Connecticut River,4.84667,4.8,3.52667,1.88667,3.55,2.04333,4.18333,3.46333,4.25,3.18333,5.15333,3.81667
1886,Northeast,6.12333,7.44111,3.45222,1.91444,3.24111,1.56667,3.09,3.57111,3.31875,3.62,4.67889,4.62889
1886,Southeast,7.79,9.66,4.25,2.36,4.27,1.385,1.97667,3.63,2.64,3.80667,4.62667,6.43333
1887,Central,5.91,5.46,5.37,4.36,1.715,2.73,6.73,5.6,1.285,2.87,2.685,4.805
1887,Connecticut River,5.29667,4.75667,4.51,2.96333,0.92333,4.86,6.95667,7.67667,1.38333,2.16,3.32667,4.11333
1887,Northeast,5.40333,4.87556,4.96556,4.03222,1.69667,2.42333,4.60556,5.74444,1.52889,2.69556,2.93556,3.83222
1887,Southeast,6.18333,4.24333,5.13333,5.35667,2.54,3.39,3.69333,5.10333,1.46333,2.96667,2.61333,4.06
1888,Central,3.945,4.125,7.9,2.935,4.7,2.29,1.665,5.25,8.295,5.57,6.31,5.35
1888,Connecticut River,3.64667,4.36,6.87333,2.78333,4.24667,4.43,3.51667,4.15,9.16,5.26333,4.74667,4.86333
1888,Northeast,3.83889,3.30667,5.15111,2.85556,4.71556,2.16,2.28889,5.56,7.69778,4.84778,6.42222,5.24111
1888,Southeast,3.83,3.61667,5.63667,2.13667,4.86667,1.35333,3.59,5.27667,8.41667,3.94667,8.99,3.97667
1889,Central,5.925,1.835,1.99,3.65,2.975,3.455,10.52,4.195,3.925,4.98,5.62,2.625
1889,Connecticut River,3.73333,2.51667,2.52333,2.67333,3.41,4.18,8.75333,2.62,3.31,5.29,5.8,3.55667
1889,Northeast,5.39889,1.90333,2.39556,3.57111,4.34778,3.45222,6.90875,4.19444,4.035,4.32889,6.29889,2.99556
1889,Southeast,5.84667,2.46,2.39333,5.15667,4.30667,2.43,6.99333,6.42333,3.17,4.10333,6.43333,2.11
1890,Central,2.455,3.245,7.73,2.88,5.25,2.705,2.56,4.855,4.765,8.87,1.04,5.325
1890,Connecticut River,3.04,4.04667,6.06,2.20667,5.60333,2.21,5.48,5.13333,5.47333,6.38667,1.24,3.26667
1890,Northeast,2.51889,3.39556,6.52222,2.46333,5.70333,2.92,2.32667,3.79111,5.13,7.81375,1.34333,4.75333
1890,Southeast,2.68,3.4,9.07667,3.43,5.33333,3.51,1.36333,3.41667,6.31,10.1233,0.93,3.99
1891,Central,8.405,5.4,5.7,3.19,1.76,3.045,3.88,4.04,2.32,3.49,3.01,3.8
1891,Connecticut River,7.31667,4.77,2.99667,2.86667,1.85333,3.80667,5.33333,3.59,2.61,3.61667,2.78333,4.81667
1891,Northeast,6.095,4.712,4.997,2.777,1.976,3.861,3.251,3.479,2.257,4.368,2.473,3.378
1891,Southeast,8.25667,5.61,5.29667,3.92,2.24667,2.07,2.53,3.43,2.23667,5.51667,2.74,3.83
1892,Central,5.535,1.965,3.425,0.695,6.31,3.92,4.095,6.495,2.27,1.305,6.435,1.295
1892,Connecticut River,5.86667,1.87333,2.6,0.68333,6.29333,3.56333,5.19667,6.12667,2.18,0.84667,5.34,1.49333
1892,Northeast,4.584,2.352,3.366,0.758,5.379,3.83,2.492,4.625,2.15,1.923,4.919,1.144
1892,Southeast,4.29,2.87667,5.44333,1.52,4.86667,2.92333,1.69333,3.85667,2.57,1.9,6.76333,1.6
1893,Central,3.06,7.43,4.14,3.54,6.08,2.27,0.86,3.89667,2.28333,4.92,1.88333,4.72667
1893,Connecticut River,3.14667,6.56667,3.57333,3.93667,5.26333,3.57667,2.15,3.27667,2.87667,4.79,1.85667,4.73667
1893,Northeast,2.284,5.78,2.529,3.106,5.427,2.606,2.281,6.151,1.811,3.715,1.945,4.925
1893,Southeast,3.47,7.67667,6.3,3.89667,4.75667,2.87667,2.18333,5.74667,2.26,2.77333,2.81667,5.95667
1894,Central,3.02333,3.22333,1.45,3.4,3.58,1.26667,1.68,2.20667,3.78,3.68667,3.30333,3.78
1894,Connecticut River,2.53333,2.38,1.54667,2.13333,3.38667,2.22333,1.79667,0.90667,3.61,4.21333,3.79333,2.74667
1894,Northeast,2.886,2.895,1.108,2.837,4.268,0.584,3.191,1.875,2.397,5.123,3.3,3.838
1894,Southeast,3.894,4.47,1.386,3.704,4.256,1.032,1.724,1.492,3.152,7.64,4.764,5.238
1895,Central,3.65333,0.93333,2.73,4.11667,2.3,2.98,4.30333,3.82333,3.22,7.44667,5.88,3.19333
1895,Connecticut River,2.87667,1.02,2.36333,5.31667,2.19333,3.28333,4.80667,3.27,4.76667,6.22333,5.09667,4.00667
1895,Northeast,3.383,1.093,2.771,4.293,2.331,2.955,3.652,3.652,2.225,8.034,7.502,2.446
1895,Southeast,3.50667,1.045,3.30167,5.03833,3.41167,2.13833,3.28833,2.935,2.40333,6.09833,5.445,3.24167
1896,Central,1.73,5.27667,5.90333,1.29333,2.14333,2.89667,3.04333,2.63667,6.74,3.48667,2.7,1.59
1896,Connecticut River,1.26,4.85,5.55333,1.49,2.69333,2.70667,5.18,2.39667,5.62667,3.64,2.58667,1.30333
1896,Northeast,2.213,5.065,5.23333,1.395,2.158,2.493,2.943,2.556,7.696,3.416,3.248,1.809
1896,Southeast,2.37286,4.79571,5.54714,1.03143,2.69429,4.00429,2.05143,2.98286,8.00429,3.72143,3.67857,2.43429
1897,Central,3.29333,2.49,3.70667,2.36333,3.97667,3.79333,7.81333,4.72667,1.95,0.78,6.39667,5.04
1897,Connecticut River,3.31667,2.61333,3.42,2.26,4.75667,5.27333,13.2125,4.4375,1.6725,0.845,6.59,5.9925
1897,Northeast,3.477,2.367,3.293,2.727,4.65,4.773,4.223,4.125,2.648,0.434,6.312,4.229
1897,Southeast,4.04286,2.38286,2.46,3.70429,4.42429,3.37143,4.53286,3.85286,1.74714,0.89857,7.11857,3.99714
1898,Central,4.17333,4.03667,2.03,4.11333,3.73333,3.38667,6.07333,5.52,3.37667,6.33667,6.25,2.55667
1898,Connecticut River,6.065,4.015,2.045,4.155,4.8075,3.3425,4.67,8.03,3.13,6.36,5.99,2.825
1898,Northeast,4.834,4.71,1.873,5.64,3.81,2.214,4.708,7.687,2.373,7.29,5.667,2.724
1898,Southeast,4.14375,5.49875,2.5975,5.85875,4.96375,1.53375,7.055,6.52875,2,8.7025,7.14375,2.32
1899,Central,3.58333,3.56667,5.98333,1.76333,1.38667,4.16667,4.64333,1.99,4.23,1.72667,2.28,1.79333
1899,Connecticut River,3.235,3.6975,6.75,2.225,1.2875,4.2225,5.6,2.26,4.9775,2.17,2.36,2.175
1899,Northeast,4.05273,3.48455,6.24455,1.65727,1.33,3.06091,3.17909,2.20182,4.96727,2.17,2.47,1.65091
1899,Southeast,5.61429,5.55857,7.14,1.77857,1.73857,3.68,3.72143,1.78857,7.655,2.415,2.32375,1.62429
1900,Central,4.20333,7.02,5.71333,2.22667,4.10333,4.26667,3.34,2.56667,3.21667,3.79,6.04,2.44333
1900,Connecticut River,3.9825,8.0425,5.605,1.8275,4.3425,3.9625,4.1075,3.3025,2.95,3.8725,6.0225,2.7825
1900,Northeast,4.59769,7.78583,4.92462,2.03231,4.40923,2.64385,2.39,2.67,3.90462,3.39462,5.00077,2.43154
1900,Southeast,4.69143,6.78857,4.74571,1.95143,5.87857,2.74714,2.41286,2.25,4.09571,4.27429,4.58857,2.71286
1901,Central,1.39333,0.93333,5.45333,6.52,6.23667,1.47,4.37667,5.58333,3.74,3.17,2.48667,8.7
1901,Connecticut River,1.86,0.76,5.95,6.5725,6.6225,1.1325,3.5025,6.635,3.74,4.035,1.91,8.3675
1901,Northeast,1.65615,0.95923,5.87077,8.26692,6.96462,1.50769,4.94692,3.34846,3.31231,2.91154,2.77308,8.02923
1901,Southeast,2.34429,1.08714,7.76429,7.29714,7.74429,1.63857,3.68286,2.55571,3.55714,2.96429,2.37286,9.05714
1902,Central,2.18667,4.13667,4.80667,3.14333,1.98667,3.34333,4.18333,3.79,4.64333,4.86333,1.02333,6.33667
1902,Connecticut River,1.9075,3.0425,5.3675,3.485,2.1125,4.03,4.53,4.5675,5.1625,5.4625,1.225,6.555
1902,Northeast,1.97071,5.20929,5.27357,4.33786,1.74429,2.26286,3.33857,3.64429,4.06929,4.77,1.05286,5.54071
1902,Southeast,2.15429,5.61857,6.32714,3.01571,1.42857,4.32286,2.36143,1.94571,3.28,4.62857,1.61857,5.81143
1903,Central,3.43333,4.1,6.54667,2.84667,0.99,8.38333,4.26333,4.19,1.69,3.61333,1.82,3.32667
1903,Connecticut River,2.865,4.1375,6.415,2.7025,0.9775,7.4575,3.9325,5.3,2.45,2.7775,2.4775,3.545
1903,Northeast,3.506,3.76867,6.18,3.88133,0.72533,9.02267,2.94933,3.524,1.99333,3.97667,1.47467,2.79867
1903,Southeast,4.3,5.38571,7.77143,4.98571,0.58143,4.62286,2.97286,3.97429,1.05857,4.60857,2.03143,3.55714
1904,Central,3.47667,2.18667,3.2,7.22667,2.48333,2.74333,2.70333,5.67,5.23333,1.72667,1.54333,2.72667
1904,Connecticut River,4.005,2.7275,4.0425,5.8225,3.2875,3.8675,3.34,4.4275,5.745,1.8475,1.43,2.685
1904,Northeast,4.29933,2.608,2.62133,8.86667,3.364,3.41533,2.00933,3.23933,5.68867,1.81067,1.62667,2.33667
1904,Southeast,4.48857,3.64429,2.60571,8.76714,2.62857,3.24714,2.44714,3.82857,4.14571,1.94571,2.31143,3.45286
1905,Central,3.97,1.61333,2.89333,2.68,1.04,5.8,2.96333,4.47333,6.35,1.78,2.60667,3.62
1905,Connecticut River,4.275,1.4875,3.86,2.635,1.0825,4.005,2.32,5.43,6.57,1.9,2.085,3.35
1905,Northeast,4.87533,1.58733,2.99,2.648,1.342,5.60333,1.99267,3.14533,6.89667,1.27667,2.21533,3.88267
1905,Southeast,3.7025,2.06375,2.435,2.50625,1.295,7.0825,2.91625,2.935,5.75125,1.93375,2.14,4.3425
1906,Central,2.44667,2.63333,4.95667,2.66333,6.04333,3.45667,4.8625,2.6375,2.46,4.42,2.2525,3.99
1906,Connecticut River,2.555,2.455,5.2075,3.145,5.3125,3.585,5.9425,3.4825,2.92,5.6825,2.0275,3.7125
1906,Northeast,2.66733,2.646,6.07733,2.62867,5.332,3.594,5.28467,2.83533,2.23867,2.98467,2.92333,4.322
1906,Southeast,3.60375,4.24,6.78,2.3575,4.8825,2.80375,5.63875,2.38125,3.48875,3.99125,2.74125,3.305
1906,Western,2.08,2.04,4.97,3.55,4.36,2.36,5.38,3.94,3.62,3.26,2.26,2.45
1907,Central,2.538,1.698,1.86,2.696,3.482,3.22,3.994,1.21,8.922,4.966,5.51,3.84
1907,Connecticut River,3.1075,2.16,1.7475,2.595,3.9225,2.7525,3.325,1.3075,9.0975,5.77,4.6725,4.0775
1907,Northeast,2.96733,1.944,2.00067,3.274,3.02533,3.16467,2.746,1.22933,7.9,3.67867,6.02933,4.04667
1907,Southeast,3.74,2.96375,1.955,3.76625,3.74,2.28,1.41375,1.4125,9.2725,2.89375,5.765,5.70375
1907,Western,3.25,1.72,1.13,2.07,3.86,3.67,2.36,1.91,8.07,7.52,4.21,3.69
1908,Central,2.606,3.784,3.172,2.286,4.302,1.986,3.106,7.632,1.074,1.836,0.994,2.818
1908,Connecticut River,2.898,4.304,3.586,2.314,5.186,1.862,4.044,5.632,1.382,1.994,0.984,2.872
1908,Northeast,3.056,3.90133,2.982,1.912,4.218,0.99733,3.73133,4.61533,0.75067,3.37667,1.05867,2.77267
1908,Southeast,3.16429,4.12429,3.78571,2.27571,3.26857,1.94857,3.31286,4.34857,1.30857,7.08571,1.15429,3.97857
1908,Western,3.07,3.16,2.94,2.35,5.1,2.37,5.51,4.19,0.97,1.52,0.71,2.78
1909,Central,3.636,5.356,3.308,4.9,2.418,2.1,2.57,2.802,4.584,1.062,2.276,3.34
1909,Connecticut River,3.52,5.464,3.654,5.892,3.116,1.948,2.244,4.302,4.61,1.312,1.988,2.96
1909,Northeast,4.126,5.222,3.53667,4.436,2.2,2.878,2.48133,2.956,4.67067,1.292,3.67067,3.59133
1909,Southeast,4.54143,5.98714,3.90571,6.2,2.78,2.06857,1.49429,2.46571,4.71857,1.87571,4.91857,2.96857
1909,Western,4,5.25,4.04,3.92,2.02,3,1.7,3.49,3.63,1.16,1.83,1.95
1910,Central,5.472,4.274,1.232,2.828,1.95,3.306,1.828,2.846,2.39,1.362,3.68,2.134
1910,Connecticut River,5.986,4.136,1.468,3.956,3.224,3.282,1.756,3.386,3.328,0.974,4.066,1.928
1910,Northeast,4.708,4.29067,1.23933,2.41933,1.39533,4.27467,1.836,2.006,2.43533,1.53333,3.82867,2.13125
1910,Southeast,4.92875,4.59375,1.675,2.33625,2.74875,4.36875,2.5525,2.34375,1.72375,1.9825,4.86875,2.76375
1910,Western,5.24,4.07,0.91,3.68,4.16,2.78,2.82,2.91,4.75,1.16,3.73,2.08
1911,Central,2.732,2.21,3.762,2.362,1.232,1.912,3.294,6.104,3.348,4.92667,3.96333,3.324
1911,Connecticut River,2.488,2.082,3.568,2.232,1.032,2.526,5.166,6.722,4.21,7.706,3.586,3.418
1911,Northeast,2.62933,2.876,3.37563,2.17,0.61,3.39471,4.65412,4.71235,2.91941,3.11353,4.19118,3.56647
1911,Southeast,3.22857,2.81,3.58,3.39714,1.22714,2.24143,5.31143,4.28286,3.04286,2.89143,7.02,3.58286
1911,Western,3.08,1.72,3.84,2.2,2.39,2,2.92,5.38,3.67,6.22,2.55,3.17
1912,Central,2.11714,2.33143,6.13571,4.51875,4.74,0.72875,2.92375,2.8325,2.34375,2.14625,4.065,4.32111
1912,Connecticut River,2.0625,2.75,5.905,4.535,4.975,0.5825,2.7175,3.638,2.488,3.01,3.964,3.908
1912,Northeast,2.93824,2.48,5.21706,3.86765,5.00882,0.33588,4.42,2.47706,2.36294,1.97059,3.18471,4.85118
1912,Southeast,4.55714,3.32429,7.37,3.87,4.45571,0.43143,2.15714,3.54429,1.44714,1.40286,4.06429,6.26286
1912,Western,2.04,1.79,4.52,5.22,5.73,1.51,2.81,5.32,3.4,3.65,4.42,4.36
1913,Central,3.04222,3.15889,5.33875,4.11667,3.43,1.33222,1.78556,3.70444,4.00667,5.43,2.79333,3.21889
1913,Connecticut River,3.39167,2.52833,5.685,3.52333,4.875,0.945,1.43,2.885,2.80167,6.77167,2.73333,2.81333
1913,Northeast,2.72737,2.91278,4.76889,4.22167,3.59667,1.42667,2.26944,3.12667,3.17333,6.59278,2.26056,3.29444
1913,Southeast,4.25571,3.44571,3.83714,5.88714,1.99714,1.57286,2.16571,2.93857,3.02714,10.5486,2.75143,4.12571
1913,Western,3.81667,2.39667,6.04667,3.98,3.57333,1.06667,2.57,3.55667,3.25,7.21,4.19667,2.26
1914,Central,2.85667,2.96111,4.65444,4.73111,2.87222,2.23889,2.89778,3.93667,0.31111,1.77778,2.70333,3.04
1914,Connecticut River,2.53714,3.21429,4.78857,5.53714,3.20286,2.27714,3.17714,3.18,0.31857,2.26714,3.10429,3.39857
1914,Northeast,3.38789,3.23474,4.21211,5.80211,2.70211,1.71368,2.88526,3.45737,0.29053,1.50895,2.76421,3.29263
1914,Southeast,3.61,3.62375,4.26,4.59,2.58375,0.89,4.07,3.10889,1.50889,2.32333,3.35667,5.06444
1914,Western,2.45667,2.82667,4.35333,5.12333,2.33667,2.62,4.08333,2.93333,0.48333,1.60667,2.6,2.57
1915,Central,6.00667,3.67,0.08667,2.55556,1.99222,2.18889,8.39,5.73333,1.41556,2.82333,2.26556,5.10222
1915,Connecticut River,6.29,5.31714,0.16,3.01857,1.94857,2.69714,7.84429,7.89714,2.12286,2.49143,2.91,5.175
1915,Northeast,5.66,3.409,0.0485,2.1455,1.6455,2.216,9.7585,6.0325,0.959,3.083,2.757,4.652
1915,Southeast,8.517,3.929,0.059,2.048,2.269,2.097,4.935,5.734,1.555,3.127,2.384,5.069
1915,Western,5.43667,4.71,0.25667,2.21667,2.33,4.32,8.14,7.03667,2.97667,2.25,2.08,5.28333
1916,Central,1.53,4.986,2.909,3.236,3.591,5.282,5.839,2.77556,4.68333,1.55444,2.99222,2.91222
1916,Connecticut River,1.86143,5.50571,3.49714,3.50857,3.24714,5.05571,5.59857,2.46429,5.17286,1.32429,3.48714,3.18571
1916,Northeast,1.391,4.843,3.656,4.806,3.66,6.0075,4.3335,2.406,2.2945,1.0875,2.2135,2.983
1916,Southeast,1.691,4.766,3.469,4.398,4.16,4.894,8.613,1.757,1.934,2.641,2.635,3.458
1916,Western,2.18,3.79,2.87,3.38333,2.59,3.91667,5.82,2.61667,5.24333,1.51333,4.07,2.82667
1917,Central,3.02556,2.94111,3.93667,1.75111,3.86778,4.75556,1.66889,5.98125,1.13111,6.04444,1.22333,2.42556
1917,Connecticut River,3.29375,3.07125,4.01875,2.005,4.50875,4.72375,3.4,4.64375,0.9925,7.31,0.92625,3.36625
1917,Northeast,3.027,2.3265,3.9425,2.727,4.312,4.944,1.348,4.87526,1.832,5.588,1.091,2.66
1917,Southeast,3.303,2.252,5.162,3.501,5.477,5.335,1.547,4.69091,2.78273,5.57818,0.52455,2.36455
1917,Western,3.38667,2.05667,3.49667,1.41333,3.23333,4.56667,3.06,1.78,1.31,6.01333,1.70667,1.57
1918,Central,2.62333,3.18111,2.02222,3.52111,1.96889,4.66778,2.75889,2.72556,7.85111,1.38111,2.82,3.28222
1918,Connecticut River,3.57778,2.76667,2.72333,2.74333,2.41778,3.87889,2.20222,3.16889,6.02889,1.85222,2.41556,3.46333
1918,Northeast,2.98952,2.8919,2.40857,3.72952,1.60762,2.94286,3.79714,2.12762,8.86905,1.0681,2.35143,3.31524
1918,Southeast,3.75,3.26727,2.31091,4.96364,1.28727,3.21727,4.02818,2.00182,6.17091,0.74182,2.33091,3.70273
1918,Western,2.89333,3.20667,2.08,3.21667,3.18333,3.84333,2.4,4.51333,5.83333,2.20333,2.48,3.34333
1919,Cape Cod and Islands,5.27,3.67,5.34,3.35,4.51,2.98,7.93,6.76,7.46,3.06,4.92,3.01
1919,Central,3.404,2.783,5.231,2.761,5.90333,1.702,5.017,3.997,6.416,2.9,6.188,1.866
1919,Connecticut River,2.29,3.28667,5.41667,2.98,6.88778,1.56556,4.97111,3.304,4.929,2.61714,6.13429,1.86643
1919,Northeast,3.71,3.21682,4.23045,2.56682,5.25182,1.73773,3.90318,4.46773,5.73909,2.59136,5.99818,1.74273
1919,Southeast,4.76818,3.58727,4.757,3.59,4.656,1.81,5.44,6.595,6.14636,2.34545,4.67182,2.51182
1919,Western,2.28333,2.73,4.68333,2.29,7.25333,1.58667,4.36,3.57667,4.68667,3.2325,5.54,2.185
1920,Cape Cod and Islands,2.6,5.68,5.35,5.79,5.41,6.77,2.85,1.83,2.25,4.1,3.65,4.79
1920,Central,2.706,5.346,4.268,5.681,3.87818,5.78636,3.38455,3.84,6.13364,1.06,4.85909,5.88
1920,Connecticut River,2.415,4.6,3.71214,5.78786,2.96286,6.72143,3.70929,4.69857,6.48923,1.37929,5.96714,5.75929
1920,Northeast,2.585,6.59182,4.00682,5.54318,4.14045,6.28773,2.17227,2.18045,4.16409,1.33455,5.55909,4.55091
1920,Southeast,3.35909,6.32818,4.98273,5.08364,4.76091,7.03455,2.67182,2.92,2.77909,1.84,4.425,3.90167
1920,Western,2.1,4.2075,3.4075,6.1975,1.71,5.965,3.4725,4.5125,6.4025,1.6075,4.7525,4.58
1921,Cape Cod and Islands,2.4,1.47,3.68,4.82,6.22,2.35,6.99,3.73,1.15,2.49,8.96,2.15
1921,Central,2.54364,2.98818,3.37636,6.18,3.10909,3.40364,6.33364,2.79636,2.54455,2.07273,6.95091,2.70091
1921,Connecticut River,2.25643,2.96857,3.60714,5.56533,3.11333,3.516,5.41333,2.92267,2.47067,1.846,6.418,1.83867
1921,Northeast,2.30318,3.02136,2.49591,4.77591,3.11409,3.495,8.65864,1.70773,2.07864,1.545,7.52955,2.60818
1921,Southeast,2.94846,2.53846,3.26077,5.32692,3.60231,3.4075,8.77917,2.24583,1.425,1.19214,7.34857,2.60857
1921,Western,2.235,2.505,5.1575,4.6775,1.5975,3.0125,4.395,4.0375,2.91,1.99,5.805,1.8625
1922,Cape Cod and Islands,1.9,3.51,6.05,2.32,4.83,3.93,4.26,6.39,1.95,3.7,1.42,4.09
1922,Central,1.73545,2.87636,5.274,2.11636,4.28,9.89364,5.20909,4.90818,3.62909,2.98455,1.59455,3.40727
1922,Connecticut River,1.74133,2.70333,5.61286,2.69333,5.796,7.89692,5.20267,4.41571,2.59533,2.914,1.51333,3.332
1922,Northeast,1.88136,3.05455,4.88,1.945,5.45909,10.0314,4.95591,4.56455,3.71955,2.52318,1.18864,3.47273
1922,Southeast,2.04214,3.43357,5.62071,2.055,4.48,6.62462,4.564,8.526,3.01333,2.908,1.23933,3.588
1922,Western,1.9225,2.6625,6.5675,2.21,5.4125,7.3575,4.395,5.5525,1.6875,2.7325,1.58,2.3625
1923,Cape Cod and Islands,4.29,0.99,5.6,6.27,1.07,3.31,4.17,2.34,1.69,4.43,1.98,5.05
1923,Central,6.39545,1.96273,2.67455,5.17636,1.55,3.54182,2.89273,2.83818,1.76273,5.20273,5.24364,4.59182
1923,Connecticut River,5.91571,2.03067,2.12667,3.80267,2.89067,3.45533,2.916,3.16133,2.72067,6.41133,4.49267,4.60867
1923,Northeast,6.99909,1.98955,2.97591,5.29455,1.47773,2.78636,2.81545,2.27136,0.82409,4.18727,4.10045,5.11909
1923,Southeast,6.37533,1.88733,3.94533,5.60533,1.09867,3.57133,3.04667,2.62533,1.54267,4.62333,2.94333,5.15867
1923,Western,5.115,1.715,1.7275,2.8775,3.3675,4.1,3.9725,3.6925,3.685,6.085,3.045,3.52
1924,Cape Cod and Islands,3.92,3.05,3.19,6.28,2.95,2.48,1.32,8.98,3.15,0.38,2.11,2.32
1924,Central,4.19455,2.23182,1.88909,5.90182,3.08273,1.98,2.772,4.129,5.151,0.091,3.138,1.927
1924,Connecticut River,3.88929,2.28429,1.03643,6.20267,3.64429,1.82267,2.12133,3.65067,6.12154,0.12533,3.12867,2.10786
1924,Northeast,3.74364,2.58682,2.11455,4.47364,3.28409,2.29545,2.18455,5.80818,6.41136,0.13182,2.61364,1.76818
1924,Southeast,3.97533,3.15,3.22733,5.63467,2.852,2.18267,1.646,6.97533,4.81267,0.17067,1.88067,1.984
1924,Western,3.2325,2.115,1.3525,6.39,3.7475,2.02,3.31,3.7925,8.115,0.06,3.2625,1.9975
1925,Cape Cod and Islands,1.66,1.97,3.14,3.3,3.57,4.01,3.55,1.31,3.52,5.1,4.22,3.7
1925,Central,2.745,2.534,5.009,3.132,2.621,4.505,6.172,2.191,3.367,4.27,3.681,3.162
1925,Connecticut River,3.086,3.678,4.17467,3.05,2.54333,4.36667,6.09071,2.32467,3.51267,4.18467,3.822,2.99867
1925,Northeast,3.96955,2.17955,6.315,2.72,2.20136,3.94818,3.78773,1.92545,3.05682,4.87364,3.77636,5.55174
1925,Southeast,3.68733,1.94933,4.172,2.486,2.75933,2.568,4.63467,1.68333,4.28067,4.21667,4.01933,4.32133
1925,Western,2.6225,3.075,4.23,3.615,3.615,4.84,7.92,1.725,3.525,3.65,3.9125,1.9225
1926,Cape Cod and Islands,3.55,4.2,2.67,2.28,5.12,3.48,3.14,4.27,1.81,8.34,3.78,2.75
1926,Central,2.776,4.548,3.083,2.377,1.812,2.412,3.81,3.037,1.588,5.164,5.465,3.394
1926,Connecticut River,2.83294,4.24647,3.38471,2.75941,1.74706,2.38059,3.79259,3.72235,1.97,5.08176,5.57,2.93
1926,Northeast,2.65696,5.22957,2.80957,2.35478,2.42957,1.86217,3.17565,3.62087,1.34,4.23435,4.31304,3.50739
1926,Southeast,2.85,4.87933,3.118,2.16933,3.10533,2.43,3.42667,3.70267,1.366,5.81867,4.96,3.444
1926,Western,2.49,3.85,2.735,2.7375,2.07,3.52,3.99,4.91,2.4675,5.2625,4.685,2.61
1927,Cape Cod and Islands,2.5,2.85,1.42,1.8,2.46,6.46,4.15,8.02,3.85,3.86,4.76,5.69
1927,Central,2.745,3.6,1.627,2.06909,4.01636,3.15182,5.32182,6.62636,2.52636,5.20273,7.07273,5.8625
1927,Connecticut River,2.62294,3.45,1.84529,2.18235,4.70647,3.96059,5.08176,6.60412,2.52118,5.54,8.75824,5.42529
1927,Northeast,2.63043,3.49348,1.3687,1.6713,2.87565,2.14522,4.08478,7.66696,3.44957,4.33435,5.28273,5.37917
1927,Southeast,2.90438,3.10875,1.41125,1.845,2.32313,2.44125,4.1125,10.3756,3.27875,3.9825,4.81375,5.14125
1927,Western,2.6175,3.3,2.01,1.58,4.805,2.8975,5.86,6.26,2.22,6.6975,11.04,4.92
1928,Cape Cod and Islands,3.37,5.13,3.6,4.94,2.8,5.58,4.26,0.8,8.04,1.19,3.82,3.14
1928,Central,2.5225,3.27833,1.92917,4.7675,2.36417,6.91417,5.84083,6.43333,3.47667,2.07833,2.1325,1.6675
1928,Connecticut River,2.55176,3.21882,2.15882,4.62176,2.98294,6.89941,6.2,8.15647,3.36412,1.01,1.97412,1.15235
1928,Northeast,2.23042,3.28417,1.65333,5.0375,2.99833,5.71,4.305,3.8275,4.39458,2.95833,2.04125,2.95375
1928,Southeast,2.68688,3.8,2.66938,4.54875,1.97813,4.85688,4.4175,2.23375,4.77063,3.19438,2.1225,3.16688
1928,Western,2.165,2.8675,1.755,3.9825,2.6825,6.5275,6.405,9.075,2.6775,1.1875,1.91,1.0125
1929,Cape Cod and Islands,2.75,3.99,3.825,6.305,5.53,0.39,1.21,4.315,6.905,2.325,2.725,4.105
1929,Central,4.22417,3.48,3.31333,6.04,4.32385,3.51923,0.99769,2.02,2.97692,2.46385,2.75385,3.23385
1929,Connecticut River,3.96647,3.66353,3.26824,6.67,4.31,2.48471,0.79,2.05588,3.13688,3.91941,2.74765,3.70235
1929,Northeast,3.50833,3.67,3.43333,7.25708,3.5575,2.41,1.27125,2.43958,1.76458,2.63875,2.97417,3.99583
1929,Southeast,3.785,3.6675,4.03313,7.46375,3.435,1.20813,2.53375,2.95625,3.59938,2.86875,3.36813,4.70688
1929,Western,3.115,3.475,3.8675,7.775,3.6075,2.515,0.9575,1.81,3.4325,3.6675,2.8525,3.23
1930,Cape Cod and Islands,4.2,3.15,1.99,0.625,2.225,2.06,2.19,2.89,0.2,4.31,5.74,4.18
1930,Central,2.16571,1.97929,3.27786,1.55929,2.82071,3.18429,4.56923,1.59071,2.15786,2.65929,3.15571,1.85786
1930,Connecticut River,2.16706,1.60765,3.95235,1.73824,4.24294,5.05444,4.45722,2.28222,2.04389,2.14222,3.82889,1.53111
1930,Northeast,2.54833,2.21667,3.47042,1.82958,3.2325,2.1275,4.39375,2.43208,0.87333,4.73208,4.36083,2.49792
1930,Southeast,3.29294,3.18059,2.87059,1.66529,2.79353,2.56118,2.91118,2.49059,0.40059,4.35118,4.14235,2.96278
1930,Western,2.055,2.0275,3.3275,2.19,3.62,5.035,4.1425,3.13,1.695,1.8725,3.765,1.685
1931,Cape Cod and Islands,4.4,3.88,8.14,3.885,7.36,6.41,6.545,3.975,1.88,5.995,0.83,3.585
1931,Central,2.642,2.23073,4.52733,2.83563,4.84688,5.28063,2.60688,6.688,2.08,2.8375,1.33125,3.41063
1931,Connecticut River,3.06167,1.99333,4.17333,2.67889,7.17333,5.04737,3.84895,4.37842,2.07579,2.60579,1.49368,3.56316
1931,Northeast,3.58667,2.985,5.0875,3.07208,4.08833,7.35708,2.56542,4.79167,1.82958,2.61,1.17125,3.62667
1931,Southeast,3.29722,2.70333,6.17167,3.13556,5.03833,7.23167,3.66111,5.60833,1.72167,3.49167,0.84111,3.27667
1931,Western,2.2375,1.865,3.4075,2.4525,7.025,4.62,5.3425,3.5575,2.43,2.615,1.75,3.53
1932,Cape Cod and Islands,5.93333,2.24667,4.90333,1.31333,2.12667,4.63,3.12,3.35667,5.18667,5.88333,4.21,2.88333
1932,Central,4.7825,2.23875,4.75125,1.9075,2.0975,2.16063,3.65625,4.52375,6.30875,5.75313,4.51563,1.87125
1932,Connecticut River,4.63789,2.35842,4.08105,2.28,1.85421,3.27278,4.12278,3.91947,3.39842,5.62632,6.69263,1.82474
1932,Northeast,4.9,2.16458,5.08792,1.82583,1.30625,2.15208,2.59333,4.89792,6.86,7.165,4.97542,1.6675
1932,Southeast,5.81,2.26278,5.54167,1.56833,2.07889,2.67833,2.34111,5.37444,6.56,5.48722,6.04667,1.96889
1932,Western,5.3925,2.2775,4.445,2.185,2.2375,3.345,5.01,4.71,2.6325,4.9925,6.5,1.595
1933,Cape Cod and Islands,4.63667,3.35667,6.09333,4.86,2.25667,2.76667,3.11333,6.48,12.6633,6.27,2.77333,3.33
1933,Central,2.3475,3.80875,5.29063,5.72063,2.40188,2.37438,2.66313,5.24875,9.3,4.15188,1.42188,3.39125
1933,Connecticut River,2.31474,3.43632,5.27684,5.20895,2.17947,2.67316,2.43737,7.20222,8.55278,3.40105,1.10368,3.44105
1933,Northeast,2.51667,3.76667,6.75625,6.75333,2.58783,1.60333,2.69875,3.35917,10.3008,3.99083,1.07833,3.526
1933,Southeast,2.44111,3.745,6.35611,7.01833,2.22167,1.98611,2.73333,3.23722,11.3394,3.66222,1.89,3.87167
1933,Western,2.26,3.125,5.0325,4.6175,2.815,2.595,3.9825,9.065,9.005,2.9975,1.8625,3.745
1934,Cape Cod and Islands,2.84,3.56667,2.89667,3.47333,1.39667,2.92,1.09,1.81333,2.88,4.78667,2.46333,3.48333
1934,Central,3.5525,3.14188,3.32375,4.035,3.99438,5.33063,3.11188,2.70063,9.03313,2.76375,2.9675,3.615
1934,Connecticut River,3.57105,2.58368,3.47263,4.27316,4.15368,5.76158,2.88842,3.99474,10.0032,2.58842,3.76789,3.13947
1934,Northeast,3.3656,3.6024,4.4688,3.4024,2.7196,4.0984,1.7192,1.7988,7.2108,3.3892,2.6048,2.6272
1934,Southeast,3.77056,3.59333,4.27,3.87722,2.72556,3.94056,1.535,2.44556,3.82389,3.85556,3.16389,3.34833
1934,Western,2.9025,2.6825,3.035,4.355,5.1475,6.365,3.655,3.625,9.195,2.75,4.7275,2.6275
1935,Cape Cod and Islands,4.02,2.11,2.02667,3.28,1.77333,5.53,4.86,1.845,5.965,2.36,5.14,1.195
1935,Central,5.24063,3.005,1.98125,3.25375,2.59938,5.96313,3.11938,1.45188,4.3475,0.83875,4.11,1.0325
1935,Connecticut River,4.83263,2.60895,1.73474,2.28158,2.57,5.37632,3.74474,0.81,4.69684,0.99316,4.35053,1.10895
1935,Northeast,6.6616,3.1728,1.6072,4.844,1.546,6.228,2.2352,2.02654,3.96192,0.59308,5.03923,1.18577
1935,Southeast,6.05389,2.89833,1.84278,5.4,2.09167,5.15579,3.22474,2.38789,3.94632,1.34211,6.24211,1.36211
1935,Western,4.725,2.47,1.9725,2.6825,2.41,5.305,4.905,1.035,3.6975,1.66,5.255,1.315
1936,Cape Cod and Islands,5.26,2.36,5.525,2.23,1.665,4.17,1.805,4.76,7.71333,3.82667,2.23,8.27667
1936,Central,6.86813,3.05688,10.1273,3.67,3.00563,2.9325,2.485,5.775,4.67188,3.2025,1.7075,7.39813
1936,Connecticut River,5.87474,2.58632,8.80474,4.07789,2.55263,2.97842,2.08263,5.15,3.93737,3.40632,1.94053,6.25474
1936,Northeast,7.29462,3.16038,7.39654,3.39538,2.21538,2.77769,2.39385,4.68115,4.44154,2.37846,1.37192,8.335
1936,Southeast,7.33789,2.86474,7.24,3.59632,1.72737,3.45105,2.04632,5.30316,7.44421,2.24947,1.42053,9.67684
1936,Western,4.8425,2.43,8.3225,4.565,3.295,1.9875,2.4375,5.78,4.25,2.835,2.07,5.0175
1937,Cape Cod and Islands,3.97667,1.73667,3.68333,5.16,2.92667,3.52333,0.91333,5.84667,5.80333,4.88,4.35333,3.38
1937,Central,5.20688,2.07875,3.24188,4.41813,4.07125,5.34,3.11625,5.20875,4.14375,4.14813,6.92313,2.74813
1937,Connecticut River,5.38632,2.82263,3.62947,4.14,6.03632,5.75105,2.99368,4.9175,4.676,5.2725,5.98421,2.8075
1937,Northeast,4.52821,1.75464,3.57929,5.04893,3.17,3.84786,1.11321,4.36179,3.83071,4.155,5.52857,4.31071
1937,Southeast,4.62105,1.58684,3.78421,5.11158,2.73105,3.76316,1.05895,5.54278,4.43389,4.03368,5.59895,4.04895
1937,Western,5.6075,2.7325,3.765,3.6025,5.38,6.37,2.2975,5.495,5.605,5.99,4.0075,2.93
1938,Cape Cod and Islands,3.44667,2.38333,3.22,3.88333,3.94667,5.82333,4.64667,3.13,7.12333,4.7,4.06333,4.14
1938,Central,4.455,2.2,2.395,2.85938,3.73688,7.94375,9.21313,3.65375,14.2575,2.055,3.37063,3.26875
1938,Connecticut River,5.07684,2.02368,2.24632,2.87316,3.995,7.7675,8.1425,3.142,13.075,2.4415,3.02474,3.61158
1938,Northeast,4.03714,2.30857,2.37429,3.08,3.97536,6.73321,11.1029,3.11679,8.05593,2.36643,2.77429,3.15357
1938,Southeast,4.15053,2.57842,2.68263,2.81684,4.13579,8.83421,7.45105,2.71211,6.51105,3.18842,3.42211,3.32789
1938,Western,3.4825,1.8075,2.4225,2.6725,3.665,7.7475,9.34667,4.365,12.29,1.96,3.15,3.215
1939,Cape Cod and Islands,4.2,5.21,7.55667,4.44667,1.37,3.67667,1.11667,4.87,2.43333,3.865,2.42667,2.11
1939,Central,2.57,3.85625,3.78438,4.14188,1.505,2.9575,1.63824,4.57625,2.30588,4.34824,0.91765,3.39588
1939,Connecticut River,2.65211,3.72579,3.92053,4.66105,1.413,3.557,2.24238,4.6219,3.08333,4.41238,1.12762,3.16619
1939,Northeast,2.13,3.62429,4.64536,4.58214,2.00464,2.89357,1.1525,2.97857,1.8875,4.69929,1.1125,2.97857
1939,Southeast,3.08053,4.26263,5.61895,4.83842,1.44947,3.43579,1.35105,4.57316,2.32579,5.01105,1.59474,2.46263
1939,Western,2.545,3.54,3.515,5.835,1.46,4.3,2.74,4.4,4.315,4.72,1.4175,2.705
1940,Cape Cod and Islands,2.09667,5.20667,4.46333,6.38,2.45667,1.36333,4.26333,0.94333,5.39,2.44667,5.06667,3.83333
1940,Central,2.23588,3.42706,4.37882,5.64353,5.31706,2.60647,3.68294,1.61,2.34588,1.30176,6.43412,2.74882
1940,Connecticut River,2.47095,3.04524,5.04619,5.44381,6.15333,3.13238,3.50136,2.01318,2.21,1.29455,6.01333,2.79952
1940,Northeast,2.27321,4.44607,3.84821,5.19,3.97714,2.45679,3.45607,1.385,3.39357,1.0775,6.4175,2.765
1940,Southeast,2.49421,5.19632,4.00526,6.78474,4.60947,2.28316,3.91474,1.29368,3.85947,1.82211,6.93053,2.70368
1940,Western,1.96,3.29,4.895,4.6925,6.41,4.4,2.8875,3.505,2.9025,1.33,4.8075,2.555
1941,Cape Cod and Islands,4.2,1.68333,2.51667,3.34,1.58333,6.82667,4.26667,5.13,0.07,2.54,2.30667,2.51333
1941,Central,2.50824,2.20824,1.71176,0.87588,2.80529,3.48765,4.83353,3.44235,0.81059,2.20588,2.85588,3.08412
1941,Connecticut River,2.31,2.41238,1.72095,0.83952,2.67952,4.67727,5.3605,3.78524,1.20364,2.38727,3.36174,3.93348
1941,Northeast,3.30036,1.85929,2.36464,1.50107,2.50429,2.74536,3.16929,2.69821,0.66071,2.05071,2.61857,3.62607
1941,Southeast,3.92158,2.25895,2.56474,2.19368,2.90579,4.96789,4.29,3.30684,0.33105,2.05737,2.39842,3.31421
1941,Western,1.9775,2.01,2.02,0.75,2.19,4.8775,5.155,4.915,1.7775,3.5225,2.3425,4.195
1942,Cape Cod and Islands,3.90667,2.75,7.5,0.75667,1.99333,2.71333,2.26667,7.74,3.43333,4.69333,4.21667,3.72
1942,Central,3.74278,2.05556,6.64222,1.02,3.28833,4.625,4.95722,2.17556,2.91421,3.54158,5.02158,5.10895
1942,Connecticut River,3.42043,2.06826,6.58217,1.19826,4.33957,4.0113,5.65957,2.93227,4.53783,4.36478,5.3387,5.94043
1942,Northeast,3.78857,3.42036,6.94179,1.62964,2.44607,3.69286,5.17357,2.56929,2.17786,3.02214,5.02143,5.23643
1942,Southeast,4.09316,3.12053,7.86158,1.05684,1.86,3.02684,4.52789,4.50316,2.47368,4.07158,5.48263,4.62158
1942,Western,2.9625,1.4475,5.73,1.52,4.345,4.995,7.115,2.465,6.02,5.265,5.4325,4.675
1943,Cape Cod and Islands,4.35667,2.35333,3.58667,3.52667,3.53667,1.40333,4.65,4.95333,2.98,4.03667,2.99,1.45667
1943,Central,2.78316,1.46053,3.12526,3.66526,5.58737,2.03947,4.99053,2.36895,1.19263,5.52105,5.42895,0.75684
1943,Connecticut River,2.82783,1.65826,3.39783,3.57913,6.13591,3.05174,5.69095,2.31174,1.88522,5.3587,5.44565,0.67217
1943,Northeast,3.21036,1.27821,3.59,3.06,5.03964,2.16357,4.45714,1.73643,1.20893,5.15893,3.9625,0.9875
1943,Southeast,3.50632,1.71842,3.38368,3.52789,4.90579,1.96211,3.85474,2.40316,1.82053,4.32316,3.08316,1.17789
1943,Western,3.505,1.5225,2.9625,3.55,6.365,3.5525,5.2725,2.6575,1.87,4.55,4.2975,0.6175
1944,Cape Cod and Islands,3.30667,1.83,5.29,5.26333,1.07,2.61667,0.65667,1.04667,3.82333,2.42333,9.15333,3.15
1944,Central,1.36474,2.10579,4.28526,4.13421,1.18421,7.37053,2.78737,1.24,7.30632,1.99789,4.07895,3.104
1944,Connecticut River,1.47565,2.23478,4.54913,4.14609,1.27652,5.97522,3.50261,2.11739,6.285,2.03783,4.68087,3.41609
1944,Northeast,2.41,2.26536,4.02536,3.73107,0.73286,5.31464,2.0425,2.03714,6.34519,2.40071,6.02179,3.31393
1944,Southeast,2.25579,2.16737,4.64737,4.13895,0.61,3.96211,1.13421,1.33842,7.42526,2.68263,7.89842,3.54895
1944,Western,1.5975,1.6,3.5,4.0125,1.5675,5.4425,5.4275,2.3025,4.6275,2.1075,3.935,3.21
1945,Cape Cod and Islands,3.84,3.81333,2.67333,1.72,4.17667,5.36667,1.40333,1.96,0.98667,2.91,8.97333,6.16333
1945,Central,2.9795,3.875,1.873,4.736,5.532,6.764,5.4495,3.348,2.103,2.5705,4.395,4.556
1945,Connecticut River,3.41955,3.86727,2.10818,5.64136,7.12455,7.12273,7.00864,3.70714,3.37136,2.65545,4.09591,4.46091
1945,Northeast,3.17071,4.16,1.97821,2.92107,4.70393,6.0525,3.40571,3.44143,1.40893,2.50821,7.20519,6.53704
1945,Southeast,3.82579,4.24895,2.24158,2.36684,4.65,4.92556,2.76526,3.49316,1.89105,3.48368,9.25895,7.98421
1945,Western,3.505,3.22,2.595,6.4175,6.6875,6.535,9.16,4.015,3.385,2.7825,4.775,3.4425
1946,Cape Cod and Islands,3.31,3.63667,1.58,3.435,5.49,3,3.2425,11.4575,3.4,0.415,0.84,4.01333
1946,Central,3.039,3.1655,1.6465,2.57,5.708,4.16667,3.8005,6.239,4.897,0.982,1.286,3.422
1946,Connecticut River,2.78182,3.25864,1.53909,2.36136,6.26773,3.78227,4.80318,3.94818,4.82826,1.39783,1.01478,3.28609
1946,Northeast,3.92333,3.21593,1.57111,2.83333,5.5,3.12481,1.85296,8.89111,2.77148,0.77259,1.12259,3.9563
1946,Southeast,3.81895,3.17842,1.69842,2.78368,4.93737,3.83105,1.51,11.3242,2.55526,0.54263,1.05105,3.86684
1946,Western,2.4125,3.35,1.14,2.0175,6.1275,4.095,4.795,2.6675,5.6925,2.515,1.175,2.9625
1947,Cape Cod and Islands,3.5975,1.9125,2.545,7.0225,4.1375,4.035,3.02,1.0625,2.355,2.1775,3.175,4.115
1947,Central,3.005,2.2455,2.9155,4.433,3.2325,3.537,4.848,1.951,3.03,1.305,5.5825,2.767
1947,Connecticut River,3.54087,2.58609,3.39391,4.67783,4.04217,3.44522,4.46435,2.97739,3.42783,2.49174,5.66217,2.6913
1947,Northeast,2.81037,1.45148,3.18222,4.44926,3.98889,3.11667,4.83889,2.22,3.42259,0.86741,5.65269,3.7437
1947,Southeast,2.75316,1.37526,2.92684,5.19947,4.26737,4.46474,4.24632,1.68684,3.50895,2.54947,4.75789,3.82263
1947,Western,3.55,2.5525,4.095,4.6775,4.2075,4.01,4.1725,2.5575,2.9475,2.7475,4.765,2.66
1948,Cape Cod and Islands,6.42667,3.07333,3.98667,4.41,8.25,2.5175,1.8,1.3025,2.0275,6.61667,5.4425,2.49
1948,Central,3.3835,2.204,3.507,3.253,6.4335,5.824,5.2235,1.9645,1.2905,2.078,6.5005,2.698
1948,Connecticut River,2.76957,2.4613,3.48174,3.18565,6.16174,6.89783,3.43696,2.79478,1.73696,1.54391,5.45652,5.50609
1948,Northeast,4.83,2.22393,2.90214,2.73464,5.41857,5.04107,4.70556,1.52556,0.75,3.57074,5.74889,1.56444
1948,Southeast,6.049,2.26,3.7115,3.6445,8.1425,3.646,4.909,2.312,1.4625,5.8755,5.4635,2.0335
1948,Western,2.305,2.3125,4.145,3.27,6.745,7.605,3.53,3.2275,2.3975,1.82,4.7025,10.675
1949,Cape Cod and Islands,3.98,5.1,3.145,5.365,3.9075,0.0425,1.42,2.0375,3.2125,2.46,3.942,3.49
1949,Central,4.2425,3.0255,1.636,3.705,4.1915,0.802,2.4995,3.6135,2.924,2.1685,2.2525,3.041
1949,Connecticut River,4.68348,3.20304,1.59043,3.62522,4.57522,1.09043,3.3813,3.75609,3.08261,2.56261,1.96391,3.03522
1949,Northeast,3.67481,3.19593,1.64143,4.06786,3.48857,0.73357,1.76143,3.20714,4.63741,1.88679,3.06714,1.9475
1949,Southeast,3.6925,3.8005,2.14,4.351,3.7305,0.1325,1.626,2.793,3.003,1.47158,3.374,2.1035
1949,Western,4.4275,3.4175,1.5425,3.3725,4.1275,2.6475,4.72,3.175,3.8125,2.49,1.655,3.355
1950,Cape Cod and Islands,3.21,4.01,3.782,3.336,1.936,2.946,1.78,3.105,3.70333,1.14667,6.41,4.796
1950,Central,4.45048,3.55524,2.89,3.69095,3.1081,3.61143,3.12381,4.02952,1.5019,2.18333,6.62476,3.84333
1950,Connecticut River,4.79913,4.01522,3.11304,3.52739,4.10783,3.88435,2.65087,3.87818,1.55565,2.25913,6.42522,4.55478
1950,Northeast,4.30393,3.3975,3.50214,2.37214,1.55107,1.52143,2.04786,4.13071,1.595,2.66179,6.10679,3.62107
1950,Southeast,3.67579,4.043,3.5145,3.1215,2.634,2.388,1.89,4.67421,2.1505,1.7275,6.666,3.876
1950,Western,4.4575,3.205,2.2675,2.82,3.47,3.85,3.72,3.2175,1.4525,1.74,8.1475,3.5475
1951,Cape Cod and Islands,3.406,3.478,3.572,2.32,3.71167,1.27833,1.532,6.4175,1.14167,3.02,5.062,4.76167
1951,Central,3.69381,4.54571,4.71143,3.14143,4.2719,3.16238,4.68048,4.82,2.33286,4.74238,6.55952,4.48524
1951,Connecticut River,3.83043,4.25739,5.77565,3.48609,3.49478,4.35,4.0513,4.33043,3.22913,5.43636,6.07435,5.16
1951,Northeast,3.66214,3.94786,4.57036,2.78286,4.6125,3.07964,3.91286,3.19286,2.3525,4.65821,7.07929,4.40429
1951,Southeast,4.532,3.454,4.498,3.096,4.426,1.9775,2.4975,4.2455,1.9985,3.494,6.9935,4.76
1951,Western,4.0775,3.8425,4.7525,3.435,2.86,4.0475,5.375,3.5725,3.5625,5.4,5.2625,4.1375
1952,Cape Cod and Islands,5.01833,6.04,3.225,2.8,3.41833,1.452,0.54,7.005,2.78833,1.83,1.96,4.37333
1952,Central,4.72619,2.59857,3.14857,4.67,4.15048,3.82857,3.33286,5.97524,3.7,1.14048,2.19571,3.72619
1952,Connecticut River,4.44826,2.6187,3.50609,5.38318,5.76826,4.60826,3.9413,4.61217,4.42043,1.08609,2.7487,4.08435
1952,Northeast,4.42286,3.97036,3.62536,4.25536,4.76357,2.83643,1.07964,6.83036,2.04964,1.45714,2.09893,3.85679
1952,Southeast,4.475,5.081,3.759,3.755,3.6045,2.803,0.247,6.4335,1.9575,1.916,2.2895,3.709
1952,Western,4.0975,2.185,3.055,4.3325,5.485,4.6875,3.56,4.2425,5.06,0.9525,2.2925,3.7475
1953,Cape Cod and Islands,7.52833,5.11,6.12,6.03667,2.38167,0.285,5.19833,4.58333,4.68,4.4,6.845,4.54667
1953,Central,6.3819,3.03333,7.876,6.97619,4.99048,2.65,2.23667,1.38286,1.64857,5.98952,4.16571,4.85381
1953,Connecticut River,6.53739,2.8087,8.94261,6.70913,5.42926,2.98043,2.34652,1.68652,1.81043,5.39478,2.74391,4.87565
1953,Northeast,5.81393,3.34286,8.86464,5.54679,4.24571,1.03643,3.00643,2.15214,2.0275,5.29643,5.69571,4.35286
1953,Southeast,6.5925,4.722,8.34,6.314,3.12,0.733,5.02727,3.79773,3.48136,5.49182,6.51591,4.95591
1953,Western,5.9625,2.2175,7.81,6.5825,4.145,3.945,2.015,0.905,2.7225,3.8975,2.81,4.8375
1954,Cape Cod and Islands,3.31,2.74667,3.135,4.13833,4.46,3.27167,2.125,5.77667,5.065,1.79667,4.88667,6.04667
1954,Central,2.52286,2.30143,3.8881,4.63714,5.37095,3.38762,3.63905,6.513,7.36095,2.78476,5.53524,4.61857
1954,Connecticut River,2.44565,2.27261,4.06087,4.35217,5.81348,3.09696,3.34783,5.24391,7.3113,2.56826,6.0087,4.17261
1954,Northeast,2.88179,2.95786,3.22393,4.83143,9.52778,2.60536,2.77429,6.05321,8.82815,2.87393,5.16741,5.13893
1954,Southeast,3.07045,3.04545,3.59909,4.56682,7.43545,2.50909,2.575,7.00864,7.32273,2.76636,5.08864,5.87
1954,Western,2.6025,2.2,3.8225,4.2925,4.9625,2.345,4.0075,5.13,6.835,2.3525,6.645,3.9675
1955,Cape Cod and Islands,0.82667,3.45667,4.10833,4.66667,1.66667,1.86667,2.45333,7.91333,3.26667,4.72167,4.82167,1.39
1955,Central,0.88143,3.66286,4.14333,3.69524,2.10286,3.88619,2.53429,15.0443,2.88048,9.3865,4.66714,0.7519
1955,Connecticut River,0.89957,3.81957,4.16913,5.01348,2.58304,3.37739,2.32522,18.2686,3.56435,12.3791,4.92522,0.93
1955,Northeast,0.82571,3.6475,4.17607,3.48393,1.41357,3.43143,2.165,13.3925,2.26286,7.38778,5.34214,0.96643
1955,Southeast,0.83682,4.09909,4.23955,3.96818,1.28591,2.66045,3.09,15.3473,3.54955,6.98,5.75909,1.00227
1955,Western,1.04,3.755,3.48,4.66,1.945,2.1125,1.1875,15.0325,3.4825,9.9425,4.8825,1.3275
1956,Cape Cod and Islands,5.49667,5.39333,6.68667,2.41833,3.23,1.97571,4.50143,3.39286,2.28286,2.61857,2.95857,4.80714
1956,Central,5.04714,4.05143,5.6535,3.95857,2.1381,2.50476,3.1781,1.90238,5.15762,2.35857,3.61143,4.89143
1956,Connecticut River,2.91909,4.01318,5.33273,3.90636,1.84636,3.10909,3.98136,1.79955,6.01682,2.09727,3.45909,4.72273
1956,Northeast,7.17857,4.55857,5.78036,3.62964,1.79071,1.84036,2.56929,1.68714,4.13821,3.77857,3.49036,5.22964
1956,Southeast,5.95636,4.49818,6.12182,2.88727,2.49864,2.24227,5.18136,2.13318,3.78182,3.50091,3.70409,6.07545
1956,Western,2.8,3.8325,5.1375,3.9,2.45,1.4825,3.58,2.5775,6.2025,2.61,2.8,4.22
1957,Cape Cod and Islands,2.56571,2.32714,3.51857,3.23286,1.67714,0.11714,1.51143,5.586,1.90667,2.565,4.57833,5.14167
1957,Central,2.04857,1.34429,2.27571,3.27905,3.77286,3.56857,1.05714,1.76667,1.66667,2.51429,5.23952,6.492
1957,Connecticut River,1.9913,1.36739,1.73957,3.06957,3.54478,3.07,2.12739,1.72609,2.14609,2.42783,5.07478,6.68913
1957,Northeast,2.52929,1.39321,2.74929,3.12321,3.10321,1.43964,1.015,1.85214,0.8525,2.74643,5.31107,5.31214
1957,Southeast,2.64591,1.81,3.13455,4.23273,1.84591,0.775,1.79409,2.92318,0.73,2.36818,4.705,5.94818
1957,Western,1.615,1.105,1.14,2.81,3.435,2.775,3.0525,2.9825,2,1.7,3.4625,5.745
1958,Cape Cod and Islands,6.75,3.06714,3.93429,8.88714,5.52,2.54143,3.03857,8.39429,5.66857,2.98,3.21143,1.44286
1958,Central,6.30095,2.82048,3.50619,5.07095,3.56286,1.81619,5.58429,3.47905,5.64619,2.51333,3.90524,1.59667
1958,Connecticut River,5.08478,3.11565,2.84826,5.17522,3.32348,2.20304,5.10261,3.60043,5.53261,3.20391,3.85304,1.45087
1958,Northeast,9.2837,3.9875,3.61321,5.90929,3.41321,2.00893,4.24643,3.41571,5.56607,3.39071,3.14929,1.65607
1958,Southeast,7.83,3.81435,4.13696,8.22435,4.78913,2.27652,4.44261,5.53565,5.42652,2.93739,3.12913,1.89609
1958,Western,3.925,2.7825,1.9975,3.74,2.2125,2.595,5.1575,3.8475,6.155,3.5325,4.055,1.0775
1959,Cape Cod and Islands,1.86143,4.60286,6.22143,3.58714,1.98429,5.56167,5.735,2.13167,0.54,6.5,4.53857,3.39143
1959,Central,3.51429,2.57429,4.84857,4.32857,1.18048,4.24571,6.3935,4.5365,1.71667,7.90381,5.00429,4.38667
1959,Connecticut River,3.64174,2.3887,4.82636,3.85261,1.29957,3.9487,4.74913,5.38091,1.70696,8.89565,5.27478,4.52609
1959,Northeast,2.74,2.965,4.72107,3.65786,1.04321,6.35607,6.71036,3.10964,1.34393,5.1875,4.36893,4.40143
1959,Southeast,2.11609,3.83348,6.1187,4.12435,1.78217,6.26826,5.79087,2.3113,1.02565,5.71826,4.90478,4.42174
1959,Western,4.1275,2.085,3.29,1.97,0.7975,3.2625,4.01,4.895,1.255,7.8,5.4625,4.715
1960,Cape Cod and Islands,3.22833,5.08667,2.63143,3.72857,3.26167,2.36286,3.77571,0.88143,4.11571,1.88571,3.23833,5.14167
1960,Central,3.11095,4.40381,3.40429,4.20571,4.81619,3.46429,7.03429,3.23,7.15524,3.75952,2.91429,3.10524
1960,Connecticut River,3.27261,4.77739,3.22391,4.27261,3.89522,4.15826,6.47727,3.67783,7.5913,3.12174,2.46609,2.79174
1960,Northeast,3.05214,4.42,3.12929,3.27714,3.79214,2.03,5.25357,1.9175,6.05857,2.67893,2.75857,3.59893
1960,Southeast,3.36435,5.1287,3.14348,3.88261,3.40783,1.72826,5.31478,2.23957,7.14955,2.90478,2.63217,4.50391
1960,Western,3.2075,4.4875,3.1475,3.4275,1.9725,4.2275,4.9,4.515,7.1575,2.74,1.815,2.19
1961,Cape Cod and Islands,2.58667,3.75167,3.75833,4.60333,5.66333,1.33714,4.15833,4.545,3.76333,7.95,3.37857,2.99429
1961,Central,2.67095,3.28762,3.65571,4.68524,3.32333,3.68667,4.05429,3.07476,4.51571,2.29381,3.86286,3.51667
1961,Connecticut River,2.74636,3.11227,3.69091,4.90455,3.64818,3.81273,3.52227,2.63773,3.28773,2.00409,3.63909,3.03455
1961,Northeast,2.38964,3.07286,4.17821,5.76821,3.60214,2.11,3.73679,3.44107,7.575,2.57214,4.06857,3.89821
1961,Southeast,2.62739,3.40217,4.03913,5.32609,4.89739,1.79652,3.3713,3.31696,6.99682,3.76217,3.45783,3.5787
1961,Western,1.9675,3.225,2.71,4.1975,3.9425,4.3825,3.2075,2.715,3.55,1.5625,4.435,3.4675
1962,Cape Cod and Islands,4.59,4.25833,1.04333,5.02333,1.32,5.54667,2.11167,3.38167,4.36667,7.94,4.785,2.845
1962,Central,3.42048,4.41,2.49286,2.79286,3.29857,2.78905,2.59,3.67,3.64714,7.24095,3.02762,3.47667
1962,Connecticut River,3.29409,4.38091,2.46773,2.74,2.47273,2.25864,2.30545,3.43,3.82727,5.21864,2.73909,3.24273
1962,Northeast,3.07429,4.1225,2.98,3.63607,2.53429,2.91893,2.42679,3.82821,4.31393,10.3539,3.51357,4.565
1962,Southeast,4.36217,4.34391,2.29652,3.64391,1.83391,4.02304,1.46043,3.97522,3.56478,9.09286,4.10087,3.60739
1962,Western,3.005,3.675,1.6925,2.92,2.0125,2.2075,2.6125,3.785,2.915,3.4425,2.0325,3
1963,Cape Cod and Islands,3.50857,4.09571,4.88429,1.81,5.15167,1.26,2.40429,2.67,4.61286,2.24857,4.03143,2.99
1963,Central,2.91727,3.08045,3.63591,1.70045,2.64409,3.35455,2.03682,2.57545,3.88409,0.90364,6.80273,2.45909
1963,Connecticut River,2.78682,3.115,3.34091,1.82273,2.61773,3.91636,2.31545,2.86136,3.66773,0.59273,6.11727,2.57182
1963,Northeast,3.19857,3.02321,4.09714,1.43893,3.14393,1.68643,2.49,2.20964,3.83179,1.94607,8.1775,2.64821
1963,Southeast,3.6037,3.40343,4.12087,1.7437,3.82652,2.45217,3.49,3.04391,4.20565,1.84917,6.505,2.83125
1963,Western,3.1525,2.79,2.8775,1.9775,2.4075,2.995,2.7875,3.2425,3.245,0.5225,6.64,2.56
1964,Cape Cod and Islands,2.94857,4.39,2.04857,5.70714,0.69429,0.97,2.47571,2.47714,4.24714,4.39571,1.20857,5.15286
1964,Central,4.67174,2.87217,3.4887,3.4287,1.19957,1.72565,2.82261,2.28435,1.46565,1.85565,2.69174,4.52696
1964,Connecticut River,4.71,2.47182,3.16591,3.20318,1.26227,1.97773,3.29909,2.59273,1.20318,1.73318,2.39545,4.01095
1964,Northeast,4.39357,3.93464,3.295,4.12571,0.92429,1.76607,3.02724,1.68966,2.03138,2.86379,2.56483,4.62897
1964,Southeast,4.81,4.08958,2.43667,5.27792,0.53083,1.52875,3.45417,2.09667,3.63042,2.89375,2.5075,5.48833
1964,Western,4.4,2.42333,3.10333,3.4,0.64667,2.04333,3.61167,3.56667,0.97667,1.36667,1.87333,3.915
1965,Cape Cod and Islands,3.195,2.37143,1.65857,3.10143,1.67857,1.84571,1.34857,2.73143,2.39286,2.13429,2.51429,1.53286
1965,Central,1.99625,3.16167,1.9425,2.87917,1.5025,3.02,1.775,3.014,2.4492,3.0516,2.6004,2.064
1965,Connecticut River,2.3713,3.14174,1.85652,2.36391,1.25261,2.61391,2.995,3.86783,3.30333,3.03,2.49042,2.06583
1965,Northeast,2.03138,3.64034,2.08,2.59655,1.56586,3.21862,1.14379,2.18724,2.43034,2.20586,2.33034,1.91517
1965,Southeast,2.56917,2.98875,1.79792,2.81083,1.28875,2.75609,1.0713,2.48208,2.54542,2.68,2.25958,1.77826
1965,Western,2.77167,2.025,1.41,2.435,1.74333,2.56167,3.76667,4.585,3.96,1.92167,2.70833,2.76667
1966,Cape Cod and Islands,3.80667,2.735,1.75286,1.74,7.19571,1.66,1.31429,2.95429,5.07833,2.59429,5.29714,2.64429
1966,Central,3.72231,3.75308,2.35385,1.31577,3.19462,2.45462,3.50192,1.40462,5.22846,3.71846,4.44192,2.61077
1966,Connecticut River,2.92458,3.56292,2.27,1.35917,2.88875,2.71,4.21083,1.57833,5.63333,4.20833,3.91833,2.74083
1966,Northeast,4.63379,3.68379,1.77517,1.3669,3.03931,2.21586,2.65586,1.48966,4.8331,3.04345,4.48483,2.77414
1966,Southeast,4.2975,3.83917,1.71792,1.65625,3.91167,2.0775,2.22458,2.53375,5.25292,3.16,4.72125,2.76458
1966,Western,2.7,3.06333,2.39167,1.79833,2.42667,2.47667,4.06667,2.84667,5.7,3.72667,3.49167,2.92333
1967,Cape Cod and Islands,2.26667,3.28333,4.69,5.30833,8.74833,3.424,4.03333,5.885,1.99,1.68833,5.29,5.60333
1967,Central,1.64385,3.38462,3.84038,4.37962,6.90885,3.68808,4.17192,3.83808,3.53115,1.80769,3.41231,5.6028
1967,Connecticut River,1.45875,2.98,3.73333,4.26542,5.73542,4.05792,4.82708,2.78458,2.49083,2.80542,2.86208,5.675
1967,Northeast,2.19067,3.42633,3.809,4.77,7.13933,3.816,3.039,3.67633,2.89933,1.19567,3.475,6.104
1967,Southeast,2.02083,2.86208,4.89458,4.565,8.26375,3.29125,3.92792,4.58625,3.20542,2.04792,3.34583,6.72958
1967,Western,1.375,3.06,3.28,3.57167,3.645,4.955,5.90667,2.60833,1.965,3.65167,2.21167,4.75833
1968,Cape Cod and Islands,2.59,1.38333,6.96333,1.312,3.67167,5.49,0.586,1.455,1.04833,2.54667,5.96167,6.28
1968,Central,2.58654,1.22538,6.212,1.94731,5.00538,7.89462,1.54115,1.37462,1.88192,2.03154,6.345,5.874
1968,Connecticut River,2.01917,1.23417,4.86167,2.60583,4.2575,8.175,1.11625,2.12958,2.88583,2.9575,5.69217,5.42583
1968,Northeast,3.15194,1.25516,6.759,1.98871,3.66161,6.786,1.40258,1.80258,1.46065,1.99355,7.20129,6.429
1968,Southeast,3.38542,1.51917,8.63542,1.99417,3.89304,6.06458,1.40292,2.01125,1.7013,2.11917,6.98708,6.28348
1968,Western,1.82667,1.49,3.65333,3.11833,4.405,7.325,1.18667,2.02333,3.03833,2.635,4.835,5.35833
1969,Cape Cod and Islands,1.315,7.74,4.20833,4.59,1.802,1.79167,2.30333,2.12833,5.36667,2.10833,7.60167,9.315
1969,Central,1.35038,4.2692,2.54731,4.79885,2.98115,2.44154,4.36154,4.21385,5.1076,1.82923,6.00615,7.48833
1969,Connecticut River,1.44167,2.98875,2.1925,5.33958,2.96125,3.24833,5.75958,4.425,3.7825,1.76333,6.57958,7.05208
1969,Northeast,2.03871,5.83833,2.73032,4.05774,1.87452,1.5329,3.86355,2.52097,4.84387,1.75935,8.35129,9.32067
1969,Southeast,1.63833,6.55042,3.72708,4.76833,2.72167,1.30083,2.96667,3.0275,4.41333,2.18417,7.38727,10.4479
1969,Western,1.79667,2.775,1.98667,4.855,3.25,3.93833,6.96667,2.94833,3.365,2.37833,6.58833,5.9
1970,Cape Cod and Islands,1.205,5.95,4.22167,2.98833,2.67667,4.512,2.635,5.89833,3.66,3.68333,5.755,3.93
1970,Central,1.06577,5.05,3.8208,3.71192,4.09885,4.30385,1.91231,4.36538,2.625,2.68692,3.86692,4.03615
1970,Connecticut River,0.77208,4.39042,3.3525,3.805,4.76917,3.20583,2.47792,4.06542,2.90292,2.35417,3.52083,4.07792
1970,Northeast,0.85161,4.83903,3.82065,3.36806,3.33226,4.32032,1.77065,4.02633,2.84968,3.18258,3.82903,5.50677
1970,Southeast,0.86,5.46625,4.40208,3.2975,2.95292,3.66083,1.35826,5.41583,1.88792,3.45,5.1225,4.125
1970,Western,0.78,3.01667,3.20333,3.58833,4.025,2.325,3.75167,3.73333,3.47167,2.82833,3.45333,3.37333
1971,Cape Cod and Islands,3.20833,5.16,2.75667,2.76833,5.54167,0.31833,1.475,2.75,0.62333,1.74167,4.87833,2.48667
1971,Central,2.25808,4.30654,2.78115,2.10462,4.03846,2.73192,4.42346,4.31038,3.41769,3.16577,5.095,3.11538
1971,Connecticut River,2.19208,3.95417,3.20083,2.01458,3.90292,2.02375,3.90917,5.765,3.22667,3.37167,4.54,3.36625
1971,Northeast,1.78742,4.49226,2.57871,2.77194,4.30258,2.20065,3.57806,2.83419,2.04839,2.80516,6.15613,2.82516
1971,Southeast,2.04696,5.23174,3.10522,2.955,4.62583,0.93,3.19417,2.52083,1.64083,2.93667,6.4125,2.66417
1971,Western,1.76833,3.57167,3.01333,2.36167,4.345,2.16333,4.775,6.80833,4.00667,2.99,4.14,3.86
1972,Cape Cod and Islands,3.188,4.972,5.64333,4.92667,5.84,7.706,2.27667,1.73333,12.5433,3.48667,6.93333,7.04
1972,Central,2.34731,4.73269,6.77808,3.98885,6.70269,6.42885,3.95615,2.50077,3.35423,3.47154,8.08231,6.60269
1972,Connecticut River,1.85042,4.195,5.055,3.93708,6.74792,7.47955,4.14292,2.485,1.94917,3.45292,8.22583,6.87625
1972,Northeast,1.77031,5.25063,6.18156,3.48344,6.14344,7.19563,3.96813,1.44781,4.85375,3.50031,8.24063,6.3
1972,Southeast,2.13913,5.59522,6.80167,3.79958,6.56042,7.50583,3.0575,2.42708,8.12385,3.70375,8.4587,7.45958
1972,Western,2.47667,3.19667,3.59333,3.65333,7.56,8.12667,4.34833,3.04333,1.66667,3.67833,7.52667,6.24167
1973,Cape Cod and Islands,1.55743,3.11857,3.33857,7.57429,3.80857,3.96167,7.61857,3.61333,3.33286,5.715,2.575,6.81143
1973,Central,3.80231,2.785,3.68846,5.86808,4.93923,5.47462,3.59423,3.50846,2.87154,3.53154,2.21846,8.90346
1973,Connecticut River,3.53667,2.82375,3.54208,6.24583,5.94208,5.99091,3.21917,3.48583,2.50167,3.04875,2.35042,9.04292
1973,Northeast,2.9625,2.205,2.64344,6.75906,4.33375,5.25063,4.36125,3.42094,2.5,3.24594,2.09469,7.87188
1973,Southeast,2.68583,3.22958,2.59333,6.73375,3.97792,4.80792,4.3287,3.82417,4.80917,3.33958,2.4675,9.23042
1973,Western,2.72833,2.64667,3.285,4.75667,7.095,5.94,3.65167,7.07333,2.44167,3.36333,2.36167,9.16833
1974,Cape Cod and Islands,4.10714,2.89857,2.61286,3.86429,4.13,3.41,1.10143,2.45714,4.05714,2.19429,1.89286,3.62714
1974,Central,3.59846,2.67654,4.72692,3.36462,4.22385,3.19462,2.85577,3.20923,9.29077,2.54731,2.96308,4.68577
1974,Connecticut River,3.68425,2.55125,4.46917,3.48958,4.73417,2.915,4.20667,3.63583,7.77833,2.35458,3.33083,4.02
1974,Northeast,3.19344,2.90344,4.34188,3.66094,4.05875,3.14656,1.63625,2.84344,7.69156,2.79063,2.35563,4.64563
1974,Southeast,4.19833,2.69167,4.41,3.96208,3.64708,2.99042,2.19042,3.1725,6.41417,2.87458,2.02333,4.24208
1974,Western,3.40833,2.645,4.10667,3.97667,5.17667,2.96167,3.88,5.28333,6.99,2.32167,3.48167,3.53667
1975,Cape Cod and Islands,6.55429,4.02429,3.78286,3.41143,2.13429,3.57,2.7,3.85,6.37667,4.9,6.62,5.32167
1975,Central,4.70423,3.44962,3.21231,2.56077,2.18538,4.12923,4.99308,5.10577,7.87731,5.87192,5.69308,4.41115
1975,Connecticut River,4.56292,3.5,3.74917,2.73667,2.6772,4.9532,7.8116,5.9476,8.8428,5.4428,5.2956,4.4672
1975,Northeast,5.01094,3.29094,3.08344,2.26375,1.91688,3.08063,2.58906,6.2075,6.26031,5.66531,5.695,5.65781
1975,Southeast,5.925,3.40167,3.375,3.02292,2.2275,3.92042,3.30167,4.69458,7.02292,5.81708,6.42583,5.36348
1975,Western,3.71333,3.22,3.14333,2.47833,5.00667,5.47,8.87333,6.44667,7.01333,4.465,5.24667,3.24333
1976,Cape Cod and Islands,5.65,2.27429,3.62286,1.35714,2.59143,1.92714,4.30143,3.41143,2.37857,6.20714,1.80143,3.70571
1976,Central,5.63962,2.95385,3.05423,2.995,3.57808,2.56115,3.0776,6.02038,2.03346,4.78385,0.74077,3.08231
1976,Connecticut River,5.29,3.0668,3.1304,3.4204,4.6864,3.0204,3.3196,6.5225,2.3924,4.3928,0.8304,2.6664
1976,Northeast,5.18219,2.56094,2.74281,2.45156,2.6475,1.19871,4.61188,6.29097,2.06313,4.53844,0.65625,3.16875
1976,Southeast,6.14292,2.47042,3.38625,1.8696,2.5004,1.7072,4.1752,7.42,2.018,5.6592,0.8932,3.41
1976,Western,4.56333,3.25667,3.065,3.23167,5.555,3.79333,4.00167,6.53167,3.18333,5.43833,0.74667,2.28167
1977,Cape Cod and Islands,4.85857,2.32,4.61143,4.50714,2.33857,7.75,1.43429,4.66,5.62429,6.19333,2.24143,6.91
1977,Central,2.965,2.48654,6.1224,4.54923,2.86615,4.09385,3.39231,4.14462,6.18154,6.25885,4.77231,4.82808
1977,Connecticut River,2.498,2.5256,6.3328,4.5332,3.7396,4.1092,4.0268,3.732,6.9656,6.1076,5.2504,4.8144
1977,Northeast,4.34188,2.47969,5.64875,4.37938,3.4225,3.90125,2.32531,3.24156,5.33219,5.62375,4.61063,5.4975
1977,Southeast,4.3748,2.68,5.7164,3.7516,3.2684,5.8572,2.5696,3.88,6.3324,6.8996,3.6544,6.20333
1977,Western,2.50333,3.06833,6.90333,4.41333,3.07167,3.64167,2.85667,5.06333,8.02833,5.76833,4.81167,4.05
1978,Cape Cod and Islands,8.03571,1.49429,3.22143,2.98571,6.04,2.02286,4.49571,4.31714,1.88143,3.29857,3.62571,4.72571
1978,Central,8.63885,1.65692,2.76885,2.08731,3.72077,3.28115,2.88308,5.9472,1.30192,3.54385,2.14269,3.99038
1978,Connecticut River,8.746,1.1052,2.8228,1.5472,3.8956,4.1688,2.5776,5.4124,1.2732,2.6932,2.272,4.1932
1978,Northeast,8.11031,2.49313,2.59188,2.195,4.39719,2.37344,2.32563,3.87188,0.89844,3.35125,2.36031,3.84031
1978,Southeast,9.06125,2.4036,3.2112,2.4776,5.53,1.5944,2.7828,6.97292,1.8292,3.5308,2.7452,4.3164
1978,Western,6.98167,0.98333,2.435,1.15667,4.58,4.15667,2.95833,5.30333,1.64667,2.71333,1.74167,3.20833
1979,Cape Cod and Islands,7.46571,5.25286,2.32429,4.62571,6.24857,1.60429,1.09714,4.23,2.58143,4.08571,4.15714,2.80429
1979,Central,11.1262,2.83577,4.31846,5.09615,4.24808,1.10808,5.04154,7.49808,4.23731,5.07115,3.985,1.98654
1979,Connecticut River,10.725,2.5168,4.1488,5.6256,5.6152,1.3972,4.42261,5.8668,4.608,5.12625,3.8328,2.5652
1979,Northeast,11.5773,3.295,2.83031,4.00219,4.245,1.54688,2.9275,5.79719,3.37281,4.11563,3.89781,1.33156
1979,Southeast,11.3176,4.3,2.8692,5.2056,6.0148,1.6628,2.6352,7.1144,4.164,4.2284,4.458,2.0784
1979,Western,7.8025,2.43333,4.14167,4.44167,6.19667,1.21333,3.59167,5.03,6.34167,4.42,4.375,2.02167
1980,Cape Cod and Islands,3.56,1.14857,5.88429,3.41714,2.06714,2.96,1.41714,2.12571,1.69286,4.74,4.24,3.15429
1980,Central,1.02692,0.95192,7.34269,4.93038,2.28385,4.03,3.65423,2.20269,2.01692,4.18808,3.95769,0.93692
1980,Connecticut River,0.9932,0.9808,7.4316,5.128,1.7348,3.9732,2.7232,2.26,2.2152,3.2196,3.6388,1.1036
1980,Northeast,0.71375,0.87563,5.41594,4.87906,1.99156,3.29563,3.53719,1.6675,1.36438,4.79125,3.51156,0.97344
1980,Southeast,1.2996,1.092,6.2876,5.2388,1.4076,3.5232,3.0708,2.1224,0.7928,4.3528,3.5208,1.54
1980,Western,0.31333,0.84833,6.345,4.23333,1.51667,4.47,3.31333,2.38333,2.36833,3.37333,3.49833,1.54333
1981,Cape Cod and Islands,1.87,5.08,1.06286,4.29,2.69286,6.79,2.60429,1.56857,3.45286,3.93,3.77857,6.96286
1981,Central,0.75385,7.85077,0.67231,4.18385,3.57308,3.24038,5.58577,1.39538,4.69923,5.78192,3.12615,5.75769
1981,Connecticut River,0.5788,9.1616,0.4632,3.436,3.1268,2.736,4.614,2.016,3.9692,5.678,2.0376,5.0828
1981,Northeast,0.78281,7.28871,0.66406,3.57781,2.00906,2.50906,5.28469,1.42906,3.65594,4.29219,4.45719,5.89844
1981,Southeast,1.224,6.3884,0.7708,3.696,2.4788,3.1972,3.3568,1.4796,3.7616,4.1864,4.0624,6.65167
1981,Western,0.69167,7.685,0.605,3.365,3.12,3.49333,3.72,2.805,3.25,4.57333,1.685,4.515
1982,Cape Cod and Islands,3.95571,2.64286,3.04143,3.51571,2.31714,6.12833,1.74857,4.12857,4.77143,4.04286,3.80857,2.93857
1982,Central,5.27846,2.89654,3.38692,4.36231,2.63308,10.7315,4.21577,2.97538,2.41154,2.96885,4.03654,1.64385
1982,Connecticut River,4.6196,3.1204,3.1012,4.6376,2.9576,10.1156,3.592,2.5932,2.6444,2.2324,3.284,1.802
1982,Northeast,5.63152,2.54424,2.4497,2.81606,3.16394,12.097,3.88303,2.58697,2.01545,3.70545,3.57818,1.17394
1982,Southeast,5.5064,2.38,2.7348,3.8724,2.1516,10.2812,3.9376,3.3152,2.808,3.918,4.1788,2.09375
1982,Western,4.48333,2.98,3.15333,4.54667,2.05333,7.97833,2.65333,2.09833,1.96667,2.10833,3.83,1.71833
1983,Cape Cod and Islands,3.03429,5.14857,8.905,7.74429,3.45286,2.71857,1.38571,3.88429,1.21571,5.90143,6.10571,4.62429
1983,Central,4.95,4.13692,7.10692,7.57923,5.88346,2.47577,1.995,4.77769,2.00577,4.75,8.05346,5.83538
1983,Connecticut River,5.088,4.052,6.655,9.40167,5.7824,2.688,2.5008,3.8812,2.0112,4.5212,6.9764,6.5316
1983,Northeast,5.19879,4.60667,9.96719,7.11387,3.88121,1.73879,1.42848,4.35212,1.44394,3.7897,10.1358,5.865
1983,Southeast,4.4436,5.13,9.2596,8.8776,3.8956,2.1616,1.73,5.30217,1.9864,4.1764,8.8372,5.5756
1983,Western,3.88333,3.29167,5.00833,8.905,5.35667,4.085,1.97667,4.34167,2.04833,2.83667,5.31,5.45167
1984,Cape Cod and Islands,2.94,5.21286,6.50429,3.56143,4.22714,6.02429,8.90167,0.69,2.14286,3.93571,1.15429,3.16571
1984,Central,2.44593,5.70333,5.27423,4.31731,10.5204,2.89481,5.5,1.17519,1.41519,3.878,3.18167,2.99867
1984,Connecticut River,2.1192,6.1588,4.748,4.944,12.1772,2.2596,5.5192,1.3492,1.4172,3.26667,3.45741,2.82222
1984,Northeast,2.37265,7.42939,6.65324,4.52606,8.69727,4.02676,4.69818,1.24794,1.28735,4.26559,2.38088,3.53735
1984,Southeast,2.6004,6.9104,6.7544,4.7132,6.9268,5.45917,4.5668,0.9924,2.0712,4.6788,1.9592,3.1236
1984,Western,2.085,5.29667,4.46333,4.60667,12.6133,2.21167,4.55333,2.45167,1.93,2.42833,2.98333,2.4
1985,Cape Cod and Islands,1.46,1.73286,3.75857,1.26286,5.39286,4.79,3.10143,9.80429,1.42429,2.03571,5.12,1.45571
1985,Central,1.206,2.36733,3.18733,1.39533,4.543,3.798,4.57,5.58862,3.698,2.925,6.07167,1.53033
1985,Connecticut River,1.11778,2.13,2.89111,1.28815,3.74269,3.9263,5.14222,4.6584,4.74538,2.75704,6.49,1.80519
1985,Northeast,1.09676,1.935,2.80147,1.50794,3.76676,3.67765,4.34455,4.70594,3.60765,2.29559,8.16412,1.52706
1985,Southeast,1.2216,1.982,2.854,1.2748,4.486,4.416,4.1648,6.5564,2.2668,1.8936,6.8376,1.242
1985,Western,1.09,2.21667,2.635,1.39667,3.66167,3.865,4.90833,3.585,4.685,2.19667,4.78667,1.93833
1986,Cape Cod and Islands,4.11,3.20429,3.41714,2.32,1.58,3.74429,7.23667,5.91286,1.25143,5.15571,6.46286,7.14429
1986,Central,5.03767,3.26167,3.775,1.74533,2.42633,6.926,5.017,3.58036,1.37833,2.46867,5.50467,6.04724
1986,Connecticut River,5.20037,3.03481,3.46333,1.43926,2.64222,6.38423,5.7416,2.80963,1.59074,2.59926,5.59111,5.51808
1986,Northeast,4.01912,3.13735,3.73824,1.98471,1.48794,7.11618,4.70559,3.13235,1.58618,2.59618,5.59382,7.19382
1986,Southeast,5.466,3.2128,3.0048,2.2684,2.7272,5.3196,4.754,4.74826,1.074,2.725,6.1976,7.404
1986,Western,4.28333,2.845,3.325,1.52667,2.41,5.07167,6.89333,2.8075,1.7,2.64833,4.45667,3.59833
1987,Cape Cod and Islands,7.05143,2.39429,4.25857,8.07,2.94286,1.33714,1.29429,3.49143,6.01857,2.13857,4.25143,4.32429
1987,Central,5.213,0.32233,4.07484,8.853,1.37677,3.53613,1.71903,3.91742,5.83742,4.16226,3.02484,1.94516
1987,Connecticut River,4.46741,0.48593,3.90296,7.4863,1.83889,3.59111,2.11963,4.25519,7.21667,4.30296,3.18852,2.00556
1987,Northeast,5.98412,0.38059,4.02706,10.3271,1.58912,2.37485,1.06485,3.32697,7.0125,3.0397,3.17441,2.74382
1987,Southeast,6.15538,0.77154,4.86077,9.4475,2.24778,1.66704,1.64741,3.52259,6.6663,2.63667,3.63037,3.17607
1987,Western,3.745,0.77833,2.75333,5.59833,2.59,2.76333,3.48,4.51833,5.935,5.45833,2.41833,1.585
1988,Cape Cod and Islands,2.94429,5.40143,2.72,1.77286,2.40143,1.67429,4.13857,1.02,1.52286,4.87143,8.83571,1.15286
1988,Central,2.6529,3.54419,2.88903,3.70839,3.54387,1.74968,7.61839,3.34742,2.16226,3.16355,7.27452,1.39452
1988,Connecticut River,2.57778,3.75593,2.40778,3.29815,3.82815,1.30296,7.97615,4.1437,1.98185,2.72333,7.51296,1.39704
1988,Northeast,2.66765,3.83706,3.53647,2.58353,4.15,1.36206,7.14294,2.19441,1.80382,2.99794,6.91471,1.03088
1988,Southeast,2.90357,5.30571,4.16,2.51536,3.01963,1.20926,7.4963,1.37643,1.975,2.98536,8.13308,1.18556
1988,Western,2.31667,3.83333,2.655,2.505,3.68167,0.92,8.89333,4.93,1.69333,2.06667,7.47333,1.25333
1989,Cape Cod and Islands,1.50571,2.83143,4.13,5.39714,4.24143,4.23857,4.97286,3.16143,3.71857,4.93571,5.00429,1.15286
1989,Central,1.33097,2.68581,2.90903,4.02032,7.31097,5.08935,4.73419,6.028,5.5471,6.887,3.80387,1.35645
1989,Connecticut River,1.27444,2.44,2.76111,3.89296,9.34148,6.7963,4.09222,5.73231,5.06778,7.97077,3.64074,1.28407
1989,Northeast,0.74824,2.69353,3.29382,4.40912,4.37441,4.29559,4.21059,5.89118,4.28088,6.56941,4.19324,1.35176
1989,Southeast,1.27964,2.80107,3.79571,4.41321,4.87321,4.55179,5.72286,6.87852,4.94071,6.8863,5.11893,1.5763
1989,Western,1.27833,2.17333,2.87667,3.56333,7.95167,5.00667,3.46667,4.97833,4.43333,6.78167,2.75,1.77333
1990,Cape Cod and Islands,5.71,3.46714,2.59857,4.42857,6.44857,2.35286,3.28,1.43857,2.15714,3.50857,1.72143,4.34
1990,Central,4.13194,4.29677,2.05032,4.14935,7.14548,1.66065,2.44968,8.11,1.59258,8.02516,2.59613,5.18129
1990,Connecticut River,4.03037,3.96852,3.31074,4.44704,7.39556,1.94481,2.26,9.55846,1.81852,6.91926,3.27148,5.21519
1990,Northeast,3.88029,3.58676,1.66235,4.98853,6.64294,1.14,4.06912,6.49176,1.67912,8.23412,2.16882,3.83971
1990,Southeast,4.83821,3.66643,2.11179,4.94963,6.55536,1.57,5.94222,5.65667,2.58143,5.90929,1.98821,4.49036
1990,Western,3.22667,3.56667,3.69,4.08667,7.62,3.36333,1.82833,10.885,2.46167,6.685,2.94667,5.67667
1991,Cape Cod and Islands,3.18286,2.50714,6.21429,3.94286,2.18143,2.11125,1.5975,4.785,4.96875,4.2575,4.815,3.48125
1991,Central,2.99625,2.09313,4.34594,3.82219,4.62219,3.17625,3.09844,8.94656,6.92188,2.88875,4.96406,3.52469
1991,Connecticut River,2.70296,1.81074,4.4563,3.40037,4.83,2.31556,2.19963,8.51462,6.93889,3.78481,4.72815,3.68
1991,Northeast,3.35722,1.91667,4.05361,4.39083,2.1225,2.89222,2.58472,7.20333,7.10028,3.4975,4.46472,3.03194
1991,Southeast,3.37667,1.98107,5.8475,4.43393,2.19821,1.76214,3.13679,6.00357,7.16393,4.19926,4.89481,2.95393
1991,Western,2.125,1.66333,3.89667,2.93667,5.235,2.15167,2.125,6.13,6.51667,3.92667,4.09833,3.01167
1992,Cape Cod and Islands,2.44,2.285,3.55125,2.6,1.8275,4.49875,3.3675,8.22375,3.425,2.0275,3.90375,8.62111
1992,Central,2.47438,2.11,3.92063,2.62219,3.33438,4.31774,4.20625,5.76938,2.62938,2.61906,5.22063,4.39813
1992,Connecticut River,2.41788,2.10394,4.2797,3.20758,2.94848,5.3097,4.77182,5.311,2.79242,2.63794,4.64382,4.68939
1992,Northeast,3.056,2.25675,3.6615,2.76625,2.1895,4.62375,3.52122,4.97805,3.3339,2.34976,4.62244,5.89976
1992,Southeast,3.58379,2.30241,4.04414,3.01897,1.69379,4.53862,2.62793,5.63724,4.33103,2.01897,5.07966,8.88444
1992,Western,1.80429,1.76143,3.26429,3.34,2.93857,3.305,4.83125,4.73625,3.67125,2.6725,5.105,5.7625
1993,Cape Cod and Islands,2.27,3.94818,6.618,4.73091,2.25727,1.74636,2.47,0.70545,3.358,5.04,3.31,7.67273
1993,Central,2.78688,2.77656,5.76344,3.93719,1.73938,1.95719,3.03188,2.55656,6.03563,4.185,4.25,5.1225
1993,Connecticut River,2.72176,2.96382,6.56758,5.08676,1.60788,2.33545,3.00576,2.43406,4.8375,3.97094,4.35606,4.87424
1993,Northeast,2.22024,4.2975,6.6861,5.1039,1.28756,1.68146,2.01683,1.81275,5.457,3.98475,3.487,5.71692
1993,Southeast,2.47517,4.48138,6.47571,5.38034,1.43069,1.34517,2.27483,1.18586,3.96931,3.81931,3.50759,7.11966
1993,Western,2.56125,3.0775,4.99375,4.44375,1.695,2.905,3.075,3.0375,4.2375,4.55125,4.17875,3.62375
1994,Cape Cod and Islands,5.67091,4.16083,7.80083,3.1525,4.70917,2.59167,1.68917,4.64091,3.11545,1.31545,3.57455,5.30417
1994,Central,5.02469,2.24063,5.63469,3.09563,4.55813,2.58594,4.90875,6.56938,4.35656,1.12813,3.66688,5.0875
1994,Connecticut River,4.88667,2.47882,5.61824,3.61636,4.23,2.71788,5.56697,5.04879,4.12405,1.34526,3.86324,5.21595
1994,Northeast,4.73026,2.6325,6.5985,2.2685,5.40975,1.16154,2.257,5.42775,6.22375,0.66675,4.36795,5.9115
1994,Southeast,5.41172,3.00655,7.94793,2.19179,3.94138,2.75621,2.24552,6.31069,4.22643,0.69643,4.96464,5.705
1994,Western,5.04111,2.19333,4.22222,3.52444,3.56,3.29889,5.918,4.125,3.943,1.509,2.78889,3.73222
1995,Cape Cod and Islands,2.67417,2.63083,2.04417,2.71,3.8225,3.71917,2.76833,1.815,2.76833,5.0625,7.71583,2.7125
1995,Central,3.67438,3.14121,2.10156,2.28813,2.78,2.23548,3.29781,2.14438,2.98313,9.81031,5.11219,2.10656
1995,Connecticut River,3.54886,2.994,2.06314,2.51912,2.55758,2.35242,3.93364,2.96,3.15,14.0653,5.31879,2.22061
1995,Northeast,4.25425,2.8465,2.2225,1.95857,2.39791,2.04364,2.52,1.25409,3.15537,6.7478,6.60488,2.85537
1995,Southeast,3.52357,2.97929,2.43286,2.45679,2.51321,2.88586,2.59793,1.73897,3.34448,6.52793,6.37276,2.45
1995,Western,3.245,2.55667,2.66333,2.78222,2.238,1.505,3.12778,1.71444,2.6975,10.7629,4.82,2.59833
1996,Cape Cod and Islands,5.04417,3.155,3.92545,5.93091,2.4125,1.83273,3.14545,4.41545,12.8517,9.1825,1.40083,4.8575
1996,Central,6.94094,3.00375,3.02313,7.68563,4.00625,3.59065,7.09063,2.01645,6.69063,6.42438,3.59,7.27645
1996,Connecticut River,7.185,2.91735,2.68676,8.13765,4.37188,4.62276,7.71813,1.66966,7.37844,5.35032,4.39333,7.34333
1996,Northeast,6.25333,2.94737,3.02795,5.94514,3.36611,2.10115,6.42342,1.50444,6.99389,11.7162,2.58725,6.46914
1996,Southeast,6.55586,3.13759,3.24214,5.77444,3.67,2.35583,5.56037,3.25958,8.12357,8.86393,2.56407,7.24077
1996,Western,7.405,3.01143,2.58857,7.24429,4.53857,5.04714,8.585,2.86143,6.48714,4.84571,3.79429,6.46286
1997,Cape Cod and Islands,2.864,2.37273,5.93545,5.04545,4.08583,1.77073,3.94917,5.06583,1.47833,2.48333,7.03364,3.77167
1997,Central,3.54351,2.12844,5.17719,4.37156,3.12567,1.35906,3.58438,4.87129,1.46138,2.37677,6.17161,2.68323
1997,Connecticut River,3.48788,2.23645,4.21156,3.73781,3.89129,1.15906,4.47094,5.56613,2.29219,2.31419,7.04094,2.60667
1997,Northeast,2.935,1.9275,4.99972,5.20171,2.77848,1.17265,1.70265,3.59686,1.62939,1.81515,6.30303,3.49
1997,Southeast,3.46857,1.93893,5.64179,5.20143,3.18214,1.0615,1.94852,4.24143,1.38821,2.05071,6.9325,2.75259
1997,Western,3.16,1.91571,5.22714,2.64143,4.97429,0.995,4.41571,4.25857,1.88667,2.26571,7.34667,2.805
1998,Cape Cod and Islands,7.27167,6.7625,5.475,4.84833,3.32667,7.295,1.92417,3.96083,3.1525,3.19167,1.9,1.435
1998,Central,5.33097,3.40935,5.70065,3.18258,5.47438,8.56125,2.53938,1.83938,2.19344,5.10188,2.45406,1.56516
1998,Connecticut River,4.98032,3.05613,4.64742,2.83667,5.75032,7.71032,2.24774,1.33484,2.2829,4.87833,2.73367,1.437
1998,Northeast,6.03371,5.74543,5.0138,3.558,6.10686,11.2926,2.63457,2.92943,2.20457,5.81,1.87,1.58114
1998,Southeast,6.95071,6.84357,5.54071,4.89107,5.73607,12.6696,2.30714,5.0775,2.27643,5.09607,2.32821,1.6775
1998,Western,4.96167,2.85833,3.475,3.078,6.364,8.396,2.99,1.372,2.52,4.544,2.42,1.79833
1999,Cape Cod and Islands,4.39333,4.64818,4.69455,1.49667,4.2175,0.32333,1.69917,4.90083,3.53083,6.92091,2.41833,3.16333
1999,Central,6.29033,3.53724,4.76677,0.92839,2.82267,1.56156,2.50344,2.96156,9.66219,3.81906,2.85531,2.21226
1999,Connecticut River,6.28321,3.363,5.09533,0.969,4.08069,2.87793,2.27069,3.45379,11.5455,3.85207,3.18414,2.24179
1999,Northeast,6.51457,4.17222,3.9727,0.83806,3.47389,0.41639,3.44611,1.83486,9.2325,4.28167,2.51667,2.12457
1999,Southeast,6.51964,5.53571,4.44179,1.32786,4.04536,0.55857,3.52607,2.14857,8.55857,5.36828,2.77241,2.53931
1999,Western,6.165,3.336,4.93833,1.27167,5.395,3.684,2.832,3.428,8.89667,3.79,3.36,1.764
2000,Cape Cod and Islands,3.73833,3.12385,3.77385,6.00077,3.64917,2.18,4.0175,4.82,2.47167,2.57583,2.96833,3.08545
2000,Central,3.45806,3.36,4.15387,6.25813,3.61404,6.12903,4.94065,3.18179,3.43759,2.21833,3.38333,4.155
2000,Connecticut River,3.41581,3.16613,4.04935,4.96129,4.45065,8.02032,6.43968,4.56871,3.65467,2.23379,2.81967,3.98259
2000,Northeast,3.63316,3.42263,4.12868,6.71553,3.27132,5.6,5.73974,2.23974,3.27342,3.06917,5.02906,4.44457
2000,Southeast,4.03929,3.63414,5.3337,6.40071,3.66724,4.90828,4.70893,2.69357,3.38857,2.68643,3.96036,4.448
2000,Western,3.39,2.92875,3.84625,3.8575,4.41125,9.51857,5.82625,4.31375,4.43143,2.44857,2.52167,4.49
2001,Cape Cod and Islands,3.22583,2.33364,8.025,2.46333,3.485,3.51333,3.63583,4.5025,1.7825,1.5425,1.11333,3.5425
2001,Central,1.95179,3.21069,7.46448,1.50778,2.423,6.66857,3.23111,3.02346,3.72593,0.7952,1.21308,2.8856
2001,Connecticut River,1.71367,3.19367,7.24357,1.97667,3.80484,5.595,3.03258,2.76633,4.38483,0.93667,1.28862,2.7829
2001,Northeast,2.46657,2.53647,11.556,1.25167,1.98333,6.98811,2.63944,3.73528,2.52333,1.10667,1.0075,3.25081
2001,Southeast,3.03046,2.49769,11.7459,2.04621,3.29793,6.85241,3.24143,4.79643,2.79321,1.06857,0.94241,3.20172
2001,Western,1.48833,3.10667,6.645,1.51167,3.38714,5.19,3.62143,2.12286,5.43167,1.42167,1.78667,2.895
2002,Cape Cod and Islands,4.365,2.13182,5.68182,3.61667,4.6075,3.25167,0.68083,1.94583,5.99833,2.92,7.32417,6.1
2002,Central,2.33889,2.16615,4.39857,3.38192,5.10185,4.85609,2.16154,3.0548,3.96708,4.0025,5.16158,5.07364
2002,Connecticut River,1.98567,2.2331,3.86581,3.562,5.093,4.7669,2.29379,3.31241,3.54567,4.65067,5.55,4.10679
2002,Northeast,3.21757,2.32842,4.425,3.41763,6.04744,4.42744,2.16103,2.39077,3.7559,4.25308,5.78263,6.38395
2002,Southeast,3.35517,2.22897,5.00207,2.85577,5.99069,3.9431,1.71143,2.32207,5.32036,3.83138,6.58241,6.56828
2002,Western,1.656,1.918,3.402,3.93333,4.74333,5.275,2.56333,3.56,3.89333,4.135,5.386,3.478
2003,Cape Cod and Islands,3.052,5.639,6.807,4.60667,3.21667,5.48636,1.393,4.61636,2.92636,5.07818,3.18455,6.13
2003,Central,3.02429,3.97524,3.99952,3.55727,4.81909,5.92895,2.29053,5.15632,5.16368,5.3015,2.40105,5.50526
2003,Connecticut River,3.13556,3.81786,3.75679,3.44444,4.92533,5.68821,2.15852,5.83962,8.42071,5.54462,3.5488,5.69174
2003,Northeast,2.79351,4.51103,4.46811,4.53641,4.00676,5.09405,2.52053,5.21436,3.44872,6.03316,2.31838,5.62944
2003,Southeast,2.66214,4.89643,5.8931,5.69931,3.75793,6.46552,3.76964,5.23964,3.2525,6.26444,2.502,6.24423
2003,Western,3.12,2.82,2.852,2.168,4.32667,4.195,2.39,7.04,7.23167,5.635,3.792,5.5875
2004,Cape Cod and Islands,2.036,2.536,2.56444,5.76727,2.81091,1.92545,2.35545,4.8,6.39636,1.83545,4.50273,5.37636
2004,Central,1.47706,1.64063,2.71389,7.47789,3.87706,1.92895,4.06632,4.58158,7.99368,2.14895,3.86889,4.84647
2004,Connecticut River,1.63625,1.6328,2.65043,6.42652,4.34773,2.23583,3.80609,4.7287,8.42273,2.21391,3.29955,3.84762
2004,Northeast,1.16556,1.47897,2.96947,9.68947,3.78382,2.12216,4.64105,5.78868,6.74587,2.30486,3.72081,5.00972
2004,Southeast,1.71741,1.97037,2.8764,7.75115,3.04458,1.70958,3.58654,6.34,6.51308,2.14852,4.16375,5.04292
2004,Western,1.895,1.5525,2.6875,4.58,4.682,2.716,4.538,6.35,8.266,2.2775,3.2925,3.2425
2005,Cape Cod and Islands,6.28667,2.66125,5.58875,4.182,6.548,0.756,2.231,1.345,5.05,9.401,5.004,3.5551
2005,Central,5.16278,2.96944,4.77842,5.91895,4.20158,3.09,4.56316,2.92895,2.58053,16.0116,5.07333,4.21529
2005,Connecticut River,4.97536,2.81952,4.16095,5.45429,2.63952,3.6135,4.274,3.193,2.185,16.2805,4.66947,3.978
2005,Northeast,5.22758,3.23735,5.11135,4.50472,6.52135,2.17361,3.2925,3.42297,2.00974,13.7008,4.50811,3.97441
2005,Southeast,6.01455,3.15591,6.17571,4.7756,5.9196,1.0675,2.7613,4.6904,3.6268,13.8763,5.5876,4.03318
2005,Western,4.4675,2.3525,4.2675,3.645,2.156,4.41,3.648,2.87,1.994,14.348,4.966,3.06
2006,Cape Cod and Islands,5.585,1.79444,0.554,2.46,7.04,11.469,2.943,3.201,2.535,2.952,6.518,2.674
2006,Central,5.60211,3.02895,0.57842,2.26053,7.34778,8.92389,22.0905,4.78,2.29105,6.43211,6.33235,2.19625
2006,Connecticut River,5.934,2.40524,0.7505,3.10333,6.37611,7.18222,2.86765,4.59105,2.81111,6.71833,4.455,2.36056
2006,Northeast,4.71811,2.7025,0.64,2.68421,13.5392,10.0978,4.64892,3.89316,2.43105,5.41243,6.89027,2.33946
2006,Southeast,5.67346,2.69708,0.3748,2.58038,8.68,13.0392,2.39808,4.12346,2.38192,5.66192,6.85038,2.13192
2006,Western,6.268,1.59,0.878,4.296,6.038,7.668,2.936,4.222,3.82,5.488,4.322,1.42
2007,Cape Cod and Islands,4.628,1.567,5.45,8.442,3.2867,1.458,2.922,1.162,2.117,2.384,6.035,4.41
2007,Central,3.01944,2.17167,4.83778,7.55056,3.94105,2.82632,5.12684,1.67947,2.84,3.64944,3.31,4.46
2007,Connecticut River,3.22444,2.07588,4.93,6.94611,2.67444,3.56,5.53412,1.53833,2.57444,4.44765,3.19188,4.84118
2007,Northeast,3.00405,2.20811,5.00053,8.20079,4.33757,2.91474,3.54405,1.05778,2.47056,2.98541,3.46778,5.11583
2007,Southeast,3.03615,2.1104,5.9928,8.2104,3.1928,2.97269,3.83077,1.13192,2.19192,2.94333,3.42917,5.588
2007,Western,3.63,2.582,4.586,6.408,2.458,3.53,5.304,1.936,2.966,4.82,3.702,4.954
2008,Cape Cod and Islands,26.808,5.095,4.353,4.268,3.689,2.657,3.912,2.982,7.33,2.095,4.652,5.65667
2008,Central,2.70632,9.53444,4.99263,4.18389,1.98,4.57833,7.21667,4.12944,8.56944,16.7556,3.94278,7.40389
2008,Connecticut River,2.20056,10.3039,5.45529,4.35118,2.14059,5.99765,8.54118,3.97706,8.79059,2.97941,3.15118,7.27824
2008,Northeast,2.97028,8.3473,5.17842,3.73553,1.98395,3.61816,7.63763,4.11211,8.25053,2.26658,4.17605,7.21053
2008,Southeast,2.96042,7.41739,5.51833,3.98375,2.35917,2.8613,5.395,4.20667,9.46208,2.37208,5.29826,8.02875
2008,Western,1.734,8.425,5.595,3.3,2.4175,6.948,5.626,2.984,6.024,4.5275,2.765,6.85
2009,Cape Cod and Islands,4.408,1.808,3.719,5.5,3.305,4.157,6.601,5.098,4.202,7.94333,2.36,6.36875
2009,Central,3.27667,2.18778,3.14471,3.83824,3.52,6.12235,9.26389,3.90444,1.58833,5.58111,3.1075,4.446
2009,Connecticut River,3.28412,1.41941,2.71647,3.34118,4.35722,6.01706,9.39529,4.96412,1.46941,5.39471,2.85353,4.35059
2009,Northeast,3.80861,1.99444,3.19361,4.37771,3.404,5.08571,8.49029,4.04371,2.78314,5.60257,4.30971,4.80618
2009,Southeast,4.22208,1.92292,3.25167,5.63917,3.3375,4.94167,8.48542,4.78167,3.1375,7.24833,3.66375,5.595
2009,Western,2.615,1.2525,2.4525,2.0425,4.8425,8.822,9.888,6.512,1.638,5.005,3.0025,3.656
2010,Cape Cod and Islands,3.39333,4.19222,9.69333,1.64778,2.71778,2.90778,2.87333,4.23889,4.97667,6.61333,4.46111,3.93556
2010,Central,3.67588,4.67688,10.0625,1.46471,2.56941,3.60353,3.30882,3.28235,2.11412,6.27941,3.85938,4.20063
2010,Connecticut River,2.99941,4.18059,6.75706,1.10353,2.76,3.7425,2.88,3.25588,2.39647,7.38824,3.81938,4.28813
2010,Northeast,3.52657,5.02629,16.0423,1.92971,3.05343,2.56914,2.02429,5.32,2.08086,4.92343,4.04914,3.86371
2010,Southeast,4.05545,4.65652,15.5187,1.85478,2.97304,2.50478,3.31565,4.8887,2.75087,5.12,4.20217,4.60391
2010,Western,2.492,4.02,5.14,1.25,2.95167,4.145,4.12,2.67833,2.456,7.772,2.874,4.698
2011,Cape Cod and Islands,4.03,4.09,2.32444,6.54444,2.73875,4.05,4.20375,4.16,4.66625,7.05667,4.1975,3.31444
2011,Central,3.96063,4.225,4.86938,4.83563,3.61625,6.07938,1.94188,11.3044,7.64438,6.48375,4.0525,4.58688
2011,Connecticut River,3.30176,3.95412,5.69353,5.21176,4.66412,6.58059,2.1475,10.4994,8.30563,6.74706,3.54941,4.94059
2011,Northeast,4.13743,4.40314,2.86571,4.59514,3.28829,5.08176,2.01171,9.74294,5.56412,8.89,3.88909,4.1003
2011,Southeast,4.42762,5.00571,2.41909,5.5381,3.35045,4.13182,3.165,7.07273,6.47682,8.20333,4.35409,3.93318
2011,Western,2.4025,3.385,4.175,5.1075,3.416,7.126,3.272,11.968,10.812,4.2025,2.55,4.505
2012,Cape Cod and Islands,4.04667,2.29556,1.41222,1.98222,6.18556,2.80889,2.87125,3.92222,4.94333,2.87444,2.92625,6.22889
2012,Central,3.03313,0.95563,1.61313,3.235,4.2675,4.52188,2.1775,5.2475,4.88438,5.37188,0.77938,4.42938
2012,Connecticut River,3.1,1.21471,1.53,2.60941,4.86176,4.22813,2.55235,5.71824,6.17882,4.28118,0.475,5.05188
2012,Northeast,3.15848,1.19813,1.77548,3.48636,4.26969,4.99625,2.5775,4.62563,3.60226,5.07688,1.14625,5.84094
2012,Southeast,3.11217,1.0225,1.50565,3.30609,4.83542,4.19375,3.26375,4.83792,4.48833,4.95542,2.09167,5.59875
2012,Western,3.1075,1.1525,1.345,2.165,7.22,3.12,2.376,4.848,5.456,4.655,0.735,4.675
2013,Cape Cod and Islands,1.63667,5.26333,4.52333,3.38444,4.49,8.86778,3.01222,1.91444,2.62333,0.78,4.05889,4.78778
2013,Central,1.8425,4.53063,3.04563,1.81,5.5675,9.67688,3.42188,3.595,2.99,1.94125,3.25188,4.2925
2013,Connecticut River,2.02235,3.49,2.44647,2.07,5.79722,9.57222,4.69944,4.48778,3.58667,1.72278,3.52647,3.71688
2013,Northeast,1.28879,5.16212,3.33424,1.7897,3.95515,9.50818,3.89576,2.38636,3.01909,0.98061,2.88606,4.69438
2013,Southeast,2.00417,5.62333,4.22917,1.92783,4.08708,11.1963,3.76522,2.85364,2.29087,1.23048,4.11857,4.52773
2013,Western,2.296,2.534,1.918,2.352,7.24167,7.87833,2.99833,5.85,4.97333,1.828,3.568,2.898
2014,Cape Cod and Islands,3.59667,5.87667,3.48333,3.80667,1.65778,2.27556,4.56,2.5,1.56111,5.01,7.84667,6.33111
2014,Central,3.15313,3.88813,4.874,4.60133,4.38643,2.154,6.33333,3.762,1.97267,6.10933,4.14467,5.04667
2014,Connecticut River,3.30867,3.45,3.95133,4.59333,5.02267,3.314,7.61933,4.42867,1.59857,6.19933,3.145,4.84214
2014,Northeast,3.27424,4.40273,4.78848,3.58121,2.98636,2.55242,5.21394,2.64625,1.44844,6.98969,5.1775,6.87625
2014,Southeast,4.21091,5.00727,4.91045,4.31545,2.87136,2.30261,5.56727,1.97409,0.86739,6.90045,6.08217,6.10091
2014,Western,3.25,3.472,2.896,3.086,2.97667,6.11167,10.372,3.244,1.576,5.61,2.80667,4.44667
2015,Cape Cod and Islands,4.5675,3.13625,4.94125,1.59444,0.74778,3.77444,2.03778,3.36778,3.2925,6.42111,6.075,5.925
2015,Central,4.026,3.02846,2.216,2.564,1.181,7.327,3.191,2.23556,4.994,2.89333,2.30333,4.92
2015,Connecticut River,3.94786,2.64143,2.16,2.76615,0.92385,8.35667,3.89083,3.26462,4.82833,3.445,2.07,4.13333
2015,Northeast,3.94467,3.76407,2.74273,2.4981,1.19955,6.57318,2.40476,2.49905,3.76667,2.965,2.059,4.604
2015,Southeast,4.28762,4.3585,3.718,2.72632,0.98556,5.63421,2.72375,2.96667,3.555,3.92733,2.685,4.125
2015,Western,3.39,2.12667,1.51,2.56667,1.505,8.97,4.9325,4.7925,4.57,3.1825,2.62,5.465
2016,Cape Cod and Islands,5.5225,5.88667,3.394,4.308,3.272,0.91,2.886,0.802,2.6325,6.368,2.968,2.61
2016,Central,1.6625,4.32,3.475,2.1525,2.19,1.826,2.16833,4.598,3.17,4.815,4.136,3.3575
2016,Connecticut River,1.658,4.548,2.98167,2.35333,2.88286,2.00857,2.08,3.56429,2.89857,2.58,2.925,3.51333
2016,Northeast,2.81722,3.92765,3.64222,2.895,2.49053,1.71632,1.28579,2.47944,2.18474,6.79421,3.29944,3.41867
2016,Southeast,3.65417,4.978,2.482,3.66909,3.32917,1.7175,1.67333,2.12667,1.89667,6.0325,2.5075,2.96111
2016,Western,1.78,5.4025,3.22,3.09,5.36,3.3675,3.5875,4.81,3.075,3.22,3.58,3.91667
2017,Cape Cod and Islands,6.065,2.96667,4.1975,5.84333,6.58167,3.585,3.32,5.30167,5.86667,6.11667,2.98833,3.1225
2017,Central,3.18,3.0025,4.2825,3.858,6.942,4.96667,3.11167,2.912,3.50833,9.322,1.535,3.064
2017,Connecticut River,3.3125,3.04333,3.22333,3.97143,6.24,4.48714,3.88857,2.57857,3,8.40167,1.055,2.58333
2017,Northeast,4.27176,3.13533,3.98889,6.29737,4.74684,5.05579,3.78556,1.49167,3.23059,6.01313,2.20294,2.788
2017,Southeast,5.57364,2.98182,3.795,6.06727,5.19083,4.93583,3.3775,1.43167,3.28667,5.58455,2.70364,2.93182
2017,Western,3.865,3.125,3.48,4.35,7.2475,4.2075,3.9625,3.605,3.2475,6.3575,1.5875,2.865
2018,Cape Cod and Islands,6.178,7.68833,7.578,5.932,2.26833,3.52,1.35167,3.06667,4.08,6.615,9.01833,4.03833
2018,Central,4.306,4.512,3.85,4.942,1.884,5.214,5.784,9.78,7.862,4.648,8.942,4.714
2018,Connecticut River,3.93833,4.82667,2.75,5.00143,2.34143,5.26,6.62,7.53714,8.56714,5.05833,8.76167,4.74833
2018,Northeast,3.86824,4.05529,5.28875,5.39706,2.08278,3.71824,4.04471,4.90118,7.16118,4.95176,10.3529,3.37375
2018,Southeast,5.5925,4.71583,6.95417,5.95818,2.15083,2.91917,2.91583,4.50083,9.13583,7.09917,10.0517,3.77583
2018,Western,5.215,5.235,3.6275,4.085,2.7525,5.1575,6.06,8.25,8.7525,4.975,7.7225,3.4825
2018,Cape Cod and Islands,6.42,3.76167,4.17667,5.36667,3.39667,5.54833,4.55833,2.585,3.54,3.4425,3.81938,3.56647
2019,Central,4.234,3,2.125,7.652,3.162,4.638,5.134,3.35,1.445,3.4425,3.81938,3.56647
2019,Connecticut River,4.855,3.43167,2.25667,7.45286,3.80833,3.13429,3.84429,4.15,2.05,3.4425,3.81938,3.56647
2019,Northeast,4.03529,3.51588,3.154,6.905,3.52563,4.48938,5.68286,3.658,1.71727,3.4425,3.81938,3.56647
2019,Southeast,5.50417,3.53333,2.88917,7.47667,4.25,4.36917,5.13583,3.24,2.296,3.4425,3.81938,3.56647
2019,Western,5.1525,3.1275,1.5725,5.8675,4.8575,4.315,3.3175,4.57,3.03,3.4425,3.81938,3.56647